_id,employeeId,quizId,score,timeSpent,completed,__v
6703af79d312dda4ba75f7fb,215,6703af61d312dda4ba75e349,87,12,false,0
6703af79d312dda4ba75f7fd,203,6703af70d312dda4ba75effd,98,35,true,0
6703af79d312dda4ba75f7ff,232,6703af78d312dda4ba75f6e7,48,54,false,0
6703af79d312dda4ba75f801,92,6703af69d312dda4ba75e9fd,25,111,false,0
6703af79d312dda4ba75f803,152,6703af5ed312dda4ba75e0bb,58,2,true,0
6703af79d312dda4ba75f805,220,6703af64d312dda4ba75e637,6,4,false,0
6703af79d312dda4ba75f807,26,6703af6dd312dda4ba75ed57,80,85,true,0
6703af79d312dda4ba75f809,236,6703af68d312dda4ba75e90d,3,40,true,0
6703af79d312dda4ba75f80b,33,6703af6bd312dda4ba75ec37,18,31,false,0
6703af79d312dda4ba75f80d,77,6703af6bd312dda4ba75ebdd,40,34,true,0
6703af79d312dda4ba75f80f,152,6703af69d312dda4ba75e9a9,34,45,false,0
6703af79d312dda4ba75f811,174,6703af6dd312dda4ba75ed9f,89,9,true,0
6703af79d312dda4ba75f813,192,6703af61d312dda4ba75e35b,29,3,false,0
6703af79d312dda4ba75f815,237,6703af6dd312dda4ba75ed87,33,57,false,0
6703af79d312dda4ba75f817,34,6703af5ed312dda4ba75e0eb,65,63,false,0
6703af79d312dda4ba75f819,137,6703af62d312dda4ba75e427,30,30,true,0
6703af79d312dda4ba75f81b,180,6703af6dd312dda4ba75edd5,42,118,false,0
6703af79d312dda4ba75f81d,168,6703af72d312dda4ba75f20d,28,103,true,0
6703af79d312dda4ba75f81f,227,6703af6dd312dda4ba75ede7,11,38,false,0
6703af79d312dda4ba75f821,104,6703af75d312dda4ba75f4e9,12,95,false,0
6703af7ad312dda4ba75f823,145,6703af74d312dda4ba75f3db,49,63,true,0
6703af7ad312dda4ba75f825,205,6703af70d312dda4ba75f075,90,37,true,0
6703af7ad312dda4ba75f827,216,6703af5ed312dda4ba75e08b,10,15,true,0
6703af7ad312dda4ba75f829,113,6703af6ed312dda4ba75ee6b,81,64,false,0
6703af7ad312dda4ba75f82b,206,6703af60d312dda4ba75e2ad,19,77,true,0
6703af7ad312dda4ba75f82d,74,6703af75d312dda4ba75f42f,36,96,false,0
6703af7ad312dda4ba75f82f,191,6703af78d312dda4ba75f783,21,117,true,0
6703af7ad312dda4ba75f831,142,6703af60d312dda4ba75e20b,72,72,true,0
6703af7ad312dda4ba75f833,66,6703af62d312dda4ba75e3f1,87,117,true,0
6703af7ad312dda4ba75f835,206,6703af76d312dda4ba75f5af,70,100,true,0
6703af7ad312dda4ba75f837,164,6703af78d312dda4ba75f71d,43,7,true,0
6703af7ad312dda4ba75f839,181,6703af6cd312dda4ba75ec67,61,58,false,0
6703af7ad312dda4ba75f83b,212,6703af79d312dda4ba75f7b9,97,16,true,0
6703af7ad312dda4ba75f83d,166,6703af65d312dda4ba75e6d9,9,64,true,0
6703af7ad312dda4ba75f83f,221,6703af60d312dda4ba75e25f,59,25,true,0
6703af7ad312dda4ba75f841,172,6703af71d312dda4ba75f0e7,10,85,true,0
6703af7ad312dda4ba75f843,97,6703af63d312dda4ba75e493,62,42,false,0
6703af7ad312dda4ba75f845,192,6703af76d312dda4ba75f519,72,24,true,0
6703af7ad312dda4ba75f847,47,6703af63d312dda4ba75e53b,85,65,false,0
6703af7ad312dda4ba75f849,95,6703af71d312dda4ba75f165,97,107,true,0
6703af7ad312dda4ba75f84b,75,6703af6ed312dda4ba75ee2f,60,97,false,0
6703af7ad312dda4ba75f84d,196,6703af72d312dda4ba75f1d1,68,16,true,0
6703af7ad312dda4ba75f84f,246,6703af63d312dda4ba75e4bd,75,37,true,0
6703af7ad312dda4ba75f851,238,6703af77d312dda4ba75f663,55,74,false,0
6703af7ad312dda4ba75f853,118,6703af70d312dda4ba75efd3,28,25,false,0
6703af7ad312dda4ba75f855,108,6703af66d312dda4ba75e7c9,82,107,false,0
6703af7ad312dda4ba75f857,219,6703af75d312dda4ba75f459,95,70,true,0
6703af7ad312dda4ba75f859,206,6703af64d312dda4ba75e577,79,7,false,0
6703af7ad312dda4ba75f85b,82,6703af61d312dda4ba75e397,70,50,false,0
6703af7ad312dda4ba75f85d,244,6703af6fd312dda4ba75ef13,54,113,false,0
6703af7ad312dda4ba75f85f,42,6703af63d312dda4ba75e4cf,46,24,false,0
6703af7ad312dda4ba75f861,73,6703af6dd312dda4ba75ede7,72,111,false,0
6703af7ad312dda4ba75f863,211,6703af75d312dda4ba75f423,57,37,false,0
6703af7ad312dda4ba75f865,204,6703af6cd312dda4ba75ecf7,70,23,false,0
6703af7ad312dda4ba75f867,35,6703af6ed312dda4ba75ee4d,13,32,true,0
6703af7ad312dda4ba75f869,232,6703af6bd312dda4ba75ec19,40,97,true,0
6703af7ad312dda4ba75f86b,113,6703af6fd312dda4ba75ef8b,26,47,true,0
6703af7ad312dda4ba75f86d,164,6703af6bd312dda4ba75eb8f,9,79,true,0
6703af7ad312dda4ba75f86f,241,6703af69d312dda4ba75e9a3,47,36,true,0
6703af7ad312dda4ba75f871,90,6703af63d312dda4ba75e4d5,70,14,true,0
6703af7bd312dda4ba75f873,32,6703af6dd312dda4ba75ed63,13,100,true,0
6703af7bd312dda4ba75f875,194,6703af6bd312dda4ba75eb71,80,113,true,0
6703af7bd312dda4ba75f877,232,6703af73d312dda4ba75f303,86,69,true,0
6703af7bd312dda4ba75f879,19,6703af63d312dda4ba75e553,32,3,false,0
6703af7bd312dda4ba75f87b,204,6703af66d312dda4ba75e78d,13,109,false,0
6703af7bd312dda4ba75f87d,228,6703af61d312dda4ba75e379,80,1,true,0
6703af7bd312dda4ba75f87f,72,6703af71d312dda4ba75f0e1,96,97,true,0
6703af7bd312dda4ba75f881,142,6703af70d312dda4ba75f0ab,64,64,false,0
6703af7bd312dda4ba75f883,168,6703af71d312dda4ba75f0e1,70,57,false,0
6703af7bd312dda4ba75f885,76,6703af6ed312dda4ba75eedd,28,71,false,0
6703af7bd312dda4ba75f887,178,6703af71d312dda4ba75f0ff,10,104,false,0
6703af7bd312dda4ba75f889,127,6703af66d312dda4ba75e7d5,15,82,true,0
6703af7bd312dda4ba75f88b,186,6703af64d312dda4ba75e589,62,15,true,0
6703af7bd312dda4ba75f88d,32,6703af71d312dda4ba75f0e1,65,116,true,0
6703af7bd312dda4ba75f88f,86,6703af63d312dda4ba75e493,73,27,false,0
6703af7bd312dda4ba75f891,26,6703af6ad312dda4ba75eaf3,46,82,true,0
6703af7bd312dda4ba75f893,35,6703af6fd312dda4ba75ef6d,86,108,false,0
6703af7bd312dda4ba75f895,14,6703af60d312dda4ba75e211,0,100,false,0
6703af7bd312dda4ba75f897,211,6703af60d312dda4ba75e289,19,98,true,0
6703af7bd312dda4ba75f899,117,6703af64d312dda4ba75e61f,83,43,false,0
6703af7bd312dda4ba75f89b,37,6703af72d312dda4ba75f24f,75,105,true,0
6703af7bd312dda4ba75f89d,124,6703af76d312dda4ba75f52b,54,82,false,0
6703af7bd312dda4ba75f89f,235,6703af74d312dda4ba75f3e1,29,89,true,0
6703af7bd312dda4ba75f8a1,193,6703af65d312dda4ba75e655,3,105,false,0
6703af7bd312dda4ba75f8a3,248,6703af72d312dda4ba75f1d1,12,1,false,0
6703af7bd312dda4ba75f8a5,27,6703af6bd312dda4ba75ec0d,9,70,true,0
6703af7bd312dda4ba75f8a7,138,6703af6cd312dda4ba75ec5b,47,119,false,0
6703af7bd312dda4ba75f8a9,200,6703af61d312dda4ba75e355,45,81,true,0
6703af7bd312dda4ba75f8ab,209,6703af66d312dda4ba75e6f7,85,93,false,0
6703af7bd312dda4ba75f8ad,43,6703af76d312dda4ba75f57f,13,78,true,0
6703af7bd312dda4ba75f8af,33,6703af65d312dda4ba75e691,48,44,true,0
6703af7bd312dda4ba75f8b1,36,6703af63d312dda4ba75e547,39,101,true,0
6703af7bd312dda4ba75f8b3,63,6703af63d312dda4ba75e4f9,82,76,true,0
6703af7bd312dda4ba75f8b5,113,6703af70d312dda4ba75f051,46,81,true,0
6703af7bd312dda4ba75f8b7,249,6703af65d312dda4ba75e6df,95,17,false,0
6703af7bd312dda4ba75f8b9,173,6703af6dd312dda4ba75edb1,2,55,true,0
6703af7bd312dda4ba75f8bb,46,6703af70d312dda4ba75f04b,1,72,false,0
6703af7bd312dda4ba75f8bd,144,6703af5fd312dda4ba75e1e7,40,16,true,0
6703af7bd312dda4ba75f8bf,197,6703af6ed312dda4ba75ee17,87,110,false,0
6703af7bd312dda4ba75f8c1,50,6703af61d312dda4ba75e355,65,44,false,0
6703af7cd312dda4ba75f8c3,48,6703af69d312dda4ba75e9c7,19,33,true,0
6703af7cd312dda4ba75f8c5,134,6703af63d312dda4ba75e54d,87,92,false,0
6703af7cd312dda4ba75f8c7,172,6703af70d312dda4ba75f05d,1,48,false,0
6703af7cd312dda4ba75f8c9,214,6703af6bd312dda4ba75ec25,98,53,true,0
6703af7cd312dda4ba75f8cb,159,6703af6dd312dda4ba75ed99,46,81,false,0
6703af7cd312dda4ba75f8cd,191,6703af6ed312dda4ba75eea1,88,24,false,0
6703af7cd312dda4ba75f8cf,57,6703af6ed312dda4ba75ee47,42,117,true,0
6703af7cd312dda4ba75f8d1,73,6703af78d312dda4ba75f771,79,8,true,0
6703af7cd312dda4ba75f8d3,162,6703af67d312dda4ba75e895,79,114,true,0
6703af7cd312dda4ba75f8d5,250,6703af75d312dda4ba75f447,67,47,true,0
6703af7cd312dda4ba75f8d7,48,6703af68d312dda4ba75e8b9,36,47,true,0
6703af7cd312dda4ba75f8d9,100,6703af5ed312dda4ba75e097,5,34,true,0
6703af7cd312dda4ba75f8db,135,6703af77d312dda4ba75f609,70,47,false,0
6703af7cd312dda4ba75f8dd,142,6703af61d312dda4ba75e391,28,15,true,0
6703af7cd312dda4ba75f8df,124,6703af72d312dda4ba75f1b3,8,11,false,0
6703af7cd312dda4ba75f8e1,12,6703af73d312dda4ba75f2bb,50,84,false,0
6703af7cd312dda4ba75f8e3,238,6703af6cd312dda4ba75ecf7,74,62,true,0
6703af7cd312dda4ba75f8e5,232,6703af6cd312dda4ba75eccd,78,42,true,0
6703af7cd312dda4ba75f8e7,106,6703af60d312dda4ba75e2dd,18,38,true,0
6703af7cd312dda4ba75f8e9,186,6703af6ad312dda4ba75ea81,85,102,true,0
6703af7cd312dda4ba75f8eb,165,6703af60d312dda4ba75e26b,99,48,false,0
6703af7cd312dda4ba75f8ed,185,6703af77d312dda4ba75f68d,1,24,true,0
6703af7cd312dda4ba75f8ef,131,6703af62d312dda4ba75e43f,52,73,true,0
6703af7cd312dda4ba75f8f1,68,6703af73d312dda4ba75f26d,26,65,false,0
6703af7cd312dda4ba75f8f3,76,6703af70d312dda4ba75f0a5,28,51,true,0
6703af7cd312dda4ba75f8f5,208,6703af66d312dda4ba75e6fd,86,37,true,0
6703af7cd312dda4ba75f8f7,39,6703af64d312dda4ba75e577,96,116,true,0
6703af7cd312dda4ba75f8f9,138,6703af73d312dda4ba75f2bb,50,85,true,0
6703af7cd312dda4ba75f8fb,235,6703af75d312dda4ba75f44d,73,113,true,0
6703af7cd312dda4ba75f8fd,107,6703af63d312dda4ba75e559,77,26,false,0
6703af7cd312dda4ba75f8ff,239,6703af69d312dda4ba75ea27,26,70,true,0
6703af7cd312dda4ba75f901,162,6703af72d312dda4ba75f213,11,50,false,0
6703af7cd312dda4ba75f903,141,6703af66d312dda4ba75e7b1,6,22,false,0
6703af7cd312dda4ba75f905,221,6703af79d312dda4ba75f7cb,8,85,false,0
6703af7cd312dda4ba75f907,38,6703af6ad312dda4ba75eb1d,76,91,true,0
6703af7cd312dda4ba75f909,36,6703af64d312dda4ba75e5e9,66,48,false,0
6703af7cd312dda4ba75f90b,216,6703af63d312dda4ba75e505,2,88,false,0
6703af7cd312dda4ba75f90d,164,6703af6bd312dda4ba75ec13,91,61,false,0
6703af7cd312dda4ba75f90f,203,6703af6ed312dda4ba75ee53,80,120,false,0
6703af7cd312dda4ba75f911,109,6703af6ed312dda4ba75eecb,23,116,true,0
6703af7dd312dda4ba75f913,112,6703af67d312dda4ba75e859,30,28,false,0
6703af7dd312dda4ba75f915,185,6703af68d312dda4ba75e925,68,86,false,0
6703af7dd312dda4ba75f917,216,6703af6ad312dda4ba75eb2f,45,60,true,0
6703af7dd312dda4ba75f919,107,6703af66d312dda4ba75e757,59,25,true,0
6703af7dd312dda4ba75f91b,30,6703af6cd312dda4ba75ed21,24,45,false,0
6703af7dd312dda4ba75f91d,243,6703af77d312dda4ba75f64b,83,4,false,0
6703af7dd312dda4ba75f91f,16,6703af60d312dda4ba75e217,88,116,true,0
6703af7dd312dda4ba75f921,216,6703af6ed312dda4ba75ee65,42,37,false,0
6703af7dd312dda4ba75f923,245,6703af72d312dda4ba75f21f,98,40,false,0
6703af7dd312dda4ba75f925,56,6703af63d312dda4ba75e4b7,33,95,true,0
6703af7dd312dda4ba75f927,66,6703af6ed312dda4ba75eee3,51,22,true,0
6703af7dd312dda4ba75f929,124,6703af77d312dda4ba75f66f,78,45,false,0
6703af7dd312dda4ba75f92b,245,6703af77d312dda4ba75f62d,59,24,true,0
6703af7dd312dda4ba75f92d,30,6703af73d312dda4ba75f2e5,98,48,true,0
6703af7dd312dda4ba75f92f,215,6703af76d312dda4ba75f513,90,35,false,0
6703af7dd312dda4ba75f931,102,6703af61d312dda4ba75e34f,16,79,true,0
6703af7dd312dda4ba75f933,67,6703af6bd312dda4ba75ebd1,15,19,false,0
6703af7dd312dda4ba75f935,172,6703af76d312dda4ba75f55b,78,120,true,0
6703af7dd312dda4ba75f937,54,6703af61d312dda4ba75e379,28,36,false,0
6703af7dd312dda4ba75f939,26,6703af78d312dda4ba75f6db,31,105,true,0
6703af7dd312dda4ba75f93b,185,6703af61d312dda4ba75e37f,87,107,true,0
6703af7dd312dda4ba75f93d,224,6703af6ed312dda4ba75ee71,60,93,true,0
6703af7dd312dda4ba75f93f,41,6703af77d312dda4ba75f5e5,97,44,false,0
6703af7dd312dda4ba75f941,89,6703af6dd312dda4ba75edbd,91,81,true,0
6703af7dd312dda4ba75f943,207,6703af64d312dda4ba75e577,57,114,false,0
6703af7dd312dda4ba75f945,58,6703af76d312dda4ba75f519,73,21,true,0
6703af7dd312dda4ba75f947,46,6703af73d312dda4ba75f2d3,83,12,false,0
6703af7dd312dda4ba75f949,16,6703af64d312dda4ba75e61f,12,57,false,0
6703af7dd312dda4ba75f94b,127,6703af6ad312dda4ba75eb47,87,55,true,0
6703af7dd312dda4ba75f94d,110,6703af64d312dda4ba75e5cb,74,88,true,0
6703af7dd312dda4ba75f94f,205,6703af73d312dda4ba75f297,40,107,false,0
6703af7dd312dda4ba75f951,84,6703af71d312dda4ba75f153,35,39,false,0
6703af7dd312dda4ba75f953,24,6703af67d312dda4ba75e841,27,30,false,0
6703af7dd312dda4ba75f955,151,6703af73d312dda4ba75f309,43,60,false,0
6703af7dd312dda4ba75f957,182,6703af67d312dda4ba75e805,35,67,false,0
6703af7dd312dda4ba75f959,119,6703af6fd312dda4ba75ef3d,15,17,true,0
6703af7dd312dda4ba75f95b,65,6703af6bd312dda4ba75eba7,2,48,false,0
6703af7dd312dda4ba75f95d,29,6703af6fd312dda4ba75ef01,54,43,false,0
6703af7dd312dda4ba75f95f,107,6703af68d312dda4ba75e95b,99,43,false,0
6703af7dd312dda4ba75f961,39,6703af6bd312dda4ba75eb71,62,11,false,0
6703af7ed312dda4ba75f963,198,6703af6dd312dda4ba75ed69,26,106,true,0
6703af7ed312dda4ba75f965,99,6703af6dd312dda4ba75ed87,65,48,false,0
6703af7ed312dda4ba75f967,233,6703af66d312dda4ba75e7c9,42,50,false,0
6703af7ed312dda4ba75f969,213,6703af78d312dda4ba75f6b1,45,21,true,0
6703af7ed312dda4ba75f96b,222,6703af70d312dda4ba75efeb,4,112,true,0
6703af7ed312dda4ba75f96d,29,6703af6ad312dda4ba75eb4d,6,45,true,0
6703af7ed312dda4ba75f96f,134,6703af63d312dda4ba75e565,53,36,true,0
6703af7ed312dda4ba75f971,46,6703af6fd312dda4ba75ef9d,58,105,false,0
6703af7ed312dda4ba75f973,140,6703af78d312dda4ba75f6a5,98,75,true,0
6703af7ed312dda4ba75f975,127,6703af76d312dda4ba75f5a9,45,102,false,0
6703af7ed312dda4ba75f977,71,6703af6dd312dda4ba75edc3,69,42,true,0
6703af7ed312dda4ba75f979,117,6703af75d312dda4ba75f489,44,83,false,0
6703af7ed312dda4ba75f97b,113,6703af5fd312dda4ba75e17b,35,74,true,0
6703af7ed312dda4ba75f97d,178,6703af62d312dda4ba75e3d3,71,63,false,0
6703af7ed312dda4ba75f97f,187,6703af74d312dda4ba75f3f9,42,33,true,0
6703af7ed312dda4ba75f981,32,6703af6fd312dda4ba75eeef,19,91,false,0
6703af7ed312dda4ba75f983,218,6703af66d312dda4ba75e763,72,59,true,0
6703af7ed312dda4ba75f985,95,6703af5fd312dda4ba75e121,37,117,false,0
6703af7ed312dda4ba75f987,77,6703af77d312dda4ba75f5f1,81,3,false,0
6703af7ed312dda4ba75f989,101,6703af77d312dda4ba75f67b,86,33,false,0
6703af7ed312dda4ba75f98b,143,6703af70d312dda4ba75f04b,47,30,true,0
6703af7ed312dda4ba75f98d,37,6703af61d312dda4ba75e337,87,63,true,0
6703af7ed312dda4ba75f98f,90,6703af64d312dda4ba75e625,33,59,false,0
6703af7ed312dda4ba75f991,199,6703af60d312dda4ba75e295,69,120,true,0
6703af7ed312dda4ba75f993,215,6703af71d312dda4ba75f111,80,56,true,0
6703af7ed312dda4ba75f995,221,6703af76d312dda4ba75f5c1,92,56,true,0
6703af7ed312dda4ba75f997,139,6703af67d312dda4ba75e877,46,111,false,0
6703af7ed312dda4ba75f999,69,6703af77d312dda4ba75f603,79,22,true,0
6703af7ed312dda4ba75f99b,52,6703af60d312dda4ba75e271,91,66,false,0
6703af7ed312dda4ba75f99d,36,6703af69d312dda4ba75e9c7,65,17,true,0
6703af7ed312dda4ba75f99f,46,6703af76d312dda4ba75f53d,42,1,true,0
6703af7ed312dda4ba75f9a1,24,6703af67d312dda4ba75e853,52,78,false,0
6703af7ed312dda4ba75f9a3,224,6703af5fd312dda4ba75e18d,1,100,false,0
6703af7ed312dda4ba75f9a5,248,6703af68d312dda4ba75e955,0,67,true,0
6703af7ed312dda4ba75f9a7,209,6703af5ed312dda4ba75e0e5,83,53,false,0
6703af7ed312dda4ba75f9a9,52,6703af77d312dda4ba75f5eb,81,95,true,0
6703af7ed312dda4ba75f9ab,226,6703af72d312dda4ba75f1dd,12,116,false,0
6703af7ed312dda4ba75f9ad,190,6703af5ed312dda4ba75e097,72,118,false,0
6703af7ed312dda4ba75f9af,211,6703af5fd312dda4ba75e15d,84,101,true,0
6703af7fd312dda4ba75f9b1,207,6703af69d312dda4ba75ea63,50,77,true,0
6703af7fd312dda4ba75f9b3,157,6703af6ed312dda4ba75ee95,69,25,false,0
6703af7fd312dda4ba75f9b5,220,6703af74d312dda4ba75f37b,27,62,true,0
6703af7fd312dda4ba75f9b7,191,6703af76d312dda4ba75f51f,6,29,true,0
6703af7fd312dda4ba75f9b9,167,6703af78d312dda4ba75f6d5,12,74,true,0
6703af7fd312dda4ba75f9bb,36,6703af72d312dda4ba75f189,39,29,false,0
6703af7fd312dda4ba75f9bd,51,6703af6bd312dda4ba75eb71,44,85,true,0
6703af7fd312dda4ba75f9bf,163,6703af6cd312dda4ba75eceb,39,34,true,0
6703af7fd312dda4ba75f9c1,129,6703af75d312dda4ba75f4d7,28,85,false,0
6703af7fd312dda4ba75f9c3,192,6703af65d312dda4ba75e697,51,82,true,0
6703af7fd312dda4ba75f9c5,129,6703af76d312dda4ba75f501,81,103,false,0
6703af7fd312dda4ba75f9c7,112,6703af70d312dda4ba75f021,75,85,true,0
6703af7fd312dda4ba75f9c9,233,6703af63d312dda4ba75e50b,63,47,false,0
6703af7fd312dda4ba75f9cb,132,6703af68d312dda4ba75e913,0,115,true,0
6703af7fd312dda4ba75f9cd,101,6703af67d312dda4ba75e83b,26,82,true,0
6703af7fd312dda4ba75f9cf,14,6703af71d312dda4ba75f159,75,112,false,0
6703af7fd312dda4ba75f9d1,247,6703af73d312dda4ba75f2eb,45,95,true,0
6703af7fd312dda4ba75f9d3,189,6703af78d312dda4ba75f741,5,34,true,0
6703af7fd312dda4ba75f9d5,163,6703af6cd312dda4ba75ec43,17,15,false,0
6703af7fd312dda4ba75f9d7,122,6703af78d312dda4ba75f73b,50,46,false,0
6703af7fd312dda4ba75f9d9,123,6703af66d312dda4ba75e72d,56,92,true,0
6703af7fd312dda4ba75f9db,190,6703af64d312dda4ba75e61f,1,14,false,0
6703af7fd312dda4ba75f9dd,75,6703af6fd312dda4ba75ef73,47,75,false,0
6703af7fd312dda4ba75f9df,239,6703af77d312dda4ba75f681,40,28,true,0
6703af7fd312dda4ba75f9e1,140,6703af76d312dda4ba75f555,41,6,true,0
6703af7fd312dda4ba75f9e3,208,6703af6cd312dda4ba75ed27,96,111,false,0
6703af7fd312dda4ba75f9e5,243,6703af63d312dda4ba75e4ed,25,13,false,0
6703af7fd312dda4ba75f9e7,168,6703af73d312dda4ba75f2af,68,77,false,0
6703af7fd312dda4ba75f9e9,15,6703af69d312dda4ba75e9f7,12,109,false,0
6703af7fd312dda4ba75f9eb,54,6703af76d312dda4ba75f573,9,25,false,0
6703af7fd312dda4ba75f9ed,142,6703af6ad312dda4ba75eb2f,62,71,false,0
6703af7fd312dda4ba75f9ef,106,6703af6ad312dda4ba75eae7,86,120,true,0
6703af7fd312dda4ba75f9f1,202,6703af77d312dda4ba75f5f7,34,103,false,0
6703af7fd312dda4ba75f9f3,155,6703af65d312dda4ba75e6b5,87,18,true,0
6703af7fd312dda4ba75f9f5,174,6703af6dd312dda4ba75edc9,4,107,false,0
6703af7fd312dda4ba75f9f7,127,6703af74d312dda4ba75f37b,74,102,true,0
6703af7fd312dda4ba75f9f9,139,6703af6dd312dda4ba75ed57,19,63,true,0
6703af7fd312dda4ba75f9fb,184,6703af6fd312dda4ba75ef31,97,116,true,0
6703af7fd312dda4ba75f9fd,189,6703af6bd312dda4ba75eb77,57,93,true,0
6703af7fd312dda4ba75f9ff,192,6703af74d312dda4ba75f369,42,104,false,0
6703af80d312dda4ba75fa01,49,6703af66d312dda4ba75e7cf,8,92,false,0
6703af80d312dda4ba75fa03,246,6703af70d312dda4ba75f0a5,28,17,false,0
6703af80d312dda4ba75fa05,250,6703af6ed312dda4ba75eeb3,30,67,false,0
6703af80d312dda4ba75fa07,62,6703af78d312dda4ba75f77d,18,35,false,0
6703af80d312dda4ba75fa09,227,6703af76d312dda4ba75f591,28,50,true,0
6703af80d312dda4ba75fa0b,76,6703af71d312dda4ba75f0cf,90,119,true,0
6703af80d312dda4ba75fa0d,119,6703af61d312dda4ba75e30d,23,26,true,0
6703af80d312dda4ba75fa0f,116,6703af6ed312dda4ba75ee3b,29,109,true,0
6703af80d312dda4ba75fa11,138,6703af72d312dda4ba75f1ef,46,115,false,0
6703af80d312dda4ba75fa13,236,6703af64d312dda4ba75e5d7,58,112,true,0
6703af80d312dda4ba75fa15,33,6703af6bd312dda4ba75ec07,8,94,false,0
6703af80d312dda4ba75fa17,157,6703af75d312dda4ba75f4d7,67,11,true,0
6703af80d312dda4ba75fa19,115,6703af6ad312dda4ba75ea9f,73,42,false,0
6703af80d312dda4ba75fa1b,245,6703af6cd312dda4ba75ec5b,63,83,true,0
6703af80d312dda4ba75fa1d,137,6703af76d312dda4ba75f519,81,29,true,0
6703af80d312dda4ba75fa1f,79,6703af6ed312dda4ba75ee71,34,56,true,0
6703af80d312dda4ba75fa21,145,6703af68d312dda4ba75e92b,72,24,true,0
6703af80d312dda4ba75fa23,143,6703af69d312dda4ba75e9c1,60,99,false,0
6703af80d312dda4ba75fa25,145,6703af6bd312dda4ba75eb77,0,100,true,0
6703af80d312dda4ba75fa27,107,6703af77d312dda4ba75f5eb,20,118,true,0
6703af80d312dda4ba75fa29,33,6703af6fd312dda4ba75ef25,28,115,false,0
6703af80d312dda4ba75fa2b,247,6703af77d312dda4ba75f65d,8,23,false,0
6703af80d312dda4ba75fa2d,217,6703af6ad312dda4ba75eb35,0,68,true,0
6703af80d312dda4ba75fa2f,211,6703af70d312dda4ba75f075,1,53,true,0
6703af80d312dda4ba75fa31,80,6703af63d312dda4ba75e553,16,54,true,0
6703af80d312dda4ba75fa33,141,6703af6ad312dda4ba75eabd,56,13,true,0
6703af80d312dda4ba75fa35,199,6703af77d312dda4ba75f64b,57,100,false,0
6703af80d312dda4ba75fa37,174,6703af5fd312dda4ba75e121,4,42,true,0
6703af80d312dda4ba75fa39,124,6703af60d312dda4ba75e259,57,2,false,0
6703af80d312dda4ba75fa3b,145,6703af67d312dda4ba75e7f9,98,96,false,0
6703af80d312dda4ba75fa3d,99,6703af6fd312dda4ba75ef61,68,54,true,0
6703af80d312dda4ba75fa3f,175,6703af76d312dda4ba75f513,32,119,true,0
6703af80d312dda4ba75fa41,162,6703af76d312dda4ba75f5b5,70,59,true,0
6703af80d312dda4ba75fa43,30,6703af61d312dda4ba75e31f,4,112,true,0
6703af80d312dda4ba75fa45,121,6703af70d312dda4ba75f0ab,5,22,false,0
6703af80d312dda4ba75fa47,38,6703af60d312dda4ba75e271,65,74,false,0
6703af80d312dda4ba75fa49,116,6703af70d312dda4ba75f093,100,14,true,0
6703af80d312dda4ba75fa4b,85,6703af79d312dda4ba75f7dd,15,28,false,0
6703af80d312dda4ba75fa4d,20,6703af78d312dda4ba75f6f3,56,1,false,0
6703af80d312dda4ba75fa4f,52,6703af61d312dda4ba75e38b,16,66,true,0
6703af81d312dda4ba75fa51,249,6703af61d312dda4ba75e35b,99,16,false,0
6703af81d312dda4ba75fa53,131,6703af68d312dda4ba75e913,71,58,false,0
6703af81d312dda4ba75fa55,86,6703af65d312dda4ba75e68b,91,87,true,0
6703af81d312dda4ba75fa57,56,6703af68d312dda4ba75e8b9,3,14,false,0
6703af81d312dda4ba75fa59,172,6703af75d312dda4ba75f4e3,100,95,false,0
6703af81d312dda4ba75fa5b,33,6703af61d312dda4ba75e337,46,59,true,0
6703af81d312dda4ba75fa5d,150,6703af67d312dda4ba75e7ed,61,60,false,0
6703af81d312dda4ba75fa5f,187,6703af77d312dda4ba75f64b,97,42,false,0
6703af81d312dda4ba75fa61,67,6703af65d312dda4ba75e6b5,13,74,true,0
6703af81d312dda4ba75fa63,200,6703af71d312dda4ba75f0ff,49,81,false,0
6703af81d312dda4ba75fa65,20,6703af73d312dda4ba75f2eb,51,116,false,0
6703af81d312dda4ba75fa67,140,6703af64d312dda4ba75e60d,90,74,true,0
6703af81d312dda4ba75fa69,174,6703af64d312dda4ba75e61f,72,33,false,0
6703af81d312dda4ba75fa6b,98,6703af78d312dda4ba75f6d5,8,10,true,0
6703af81d312dda4ba75fa6d,211,6703af6ad312dda4ba75eb4d,39,35,true,0
6703af81d312dda4ba75fa6f,103,6703af6ed312dda4ba75eedd,62,92,true,0
6703af81d312dda4ba75fa71,146,6703af73d312dda4ba75f2a9,15,102,false,0
6703af81d312dda4ba75fa73,130,6703af68d312dda4ba75e8ef,6,120,true,0
6703af81d312dda4ba75fa75,154,6703af62d312dda4ba75e457,33,44,false,0
6703af81d312dda4ba75fa77,92,6703af6bd312dda4ba75ebbf,2,99,true,0
6703af81d312dda4ba75fa79,107,6703af61d312dda4ba75e385,93,6,true,0
6703af81d312dda4ba75fa7b,71,6703af6ed312dda4ba75eee3,32,44,true,0
6703af81d312dda4ba75fa7d,17,6703af62d312dda4ba75e46f,57,9,true,0
6703af81d312dda4ba75fa7f,147,6703af60d312dda4ba75e21d,40,42,true,0
6703af81d312dda4ba75fa81,21,6703af6ed312dda4ba75eee3,59,75,false,0
6703af81d312dda4ba75fa83,61,6703af77d312dda4ba75f609,70,66,true,0
6703af81d312dda4ba75fa85,13,6703af60d312dda4ba75e2ad,20,55,false,0
6703af81d312dda4ba75fa87,197,6703af71d312dda4ba75f153,73,8,true,0
6703af81d312dda4ba75fa89,101,6703af69d312dda4ba75e9eb,47,75,false,0
6703af81d312dda4ba75fa8b,133,6703af6ed312dda4ba75eead,47,87,false,0
6703af81d312dda4ba75fa8d,146,6703af76d312dda4ba75f585,1,101,false,0
6703af81d312dda4ba75fa8f,83,6703af71d312dda4ba75f165,86,54,false,0
6703af81d312dda4ba75fa91,125,6703af6fd312dda4ba75ef3d,11,83,false,0
6703af81d312dda4ba75fa93,243,6703af60d312dda4ba75e2d1,60,86,false,0
6703af81d312dda4ba75fa95,91,6703af6ed312dda4ba75eead,22,99,true,0
6703af81d312dda4ba75fa97,211,6703af74d312dda4ba75f40b,32,104,true,0
6703af81d312dda4ba75fa99,23,6703af65d312dda4ba75e69d,11,116,true,0
6703af81d312dda4ba75fa9b,229,6703af6cd312dda4ba75ed09,7,79,false,0
6703af81d312dda4ba75fa9d,164,6703af66d312dda4ba75e7c3,39,77,false,0
6703af81d312dda4ba75fa9f,45,6703af69d312dda4ba75e9f1,48,78,false,0
6703af81d312dda4ba75faa1,117,6703af6ed312dda4ba75ee6b,65,23,true,0
6703af81d312dda4ba75faa3,116,6703af5ed312dda4ba75e0d3,5,60,false,0
6703af82d312dda4ba75faa5,115,6703af65d312dda4ba75e6bb,80,41,true,0
6703af82d312dda4ba75faa7,25,6703af6cd312dda4ba75ecb5,58,92,false,0
6703af82d312dda4ba75faa9,225,6703af65d312dda4ba75e69d,54,99,false,0
6703af82d312dda4ba75faab,140,6703af6cd312dda4ba75ec79,22,115,false,0
6703af82d312dda4ba75faad,67,6703af74d312dda4ba75f36f,92,49,false,0
6703af82d312dda4ba75faaf,49,6703af68d312dda4ba75e973,63,117,true,0
6703af82d312dda4ba75fab1,158,6703af70d312dda4ba75f015,93,71,true,0
6703af82d312dda4ba75fab3,176,6703af6bd312dda4ba75eb7d,56,65,true,0
6703af82d312dda4ba75fab5,14,6703af6fd312dda4ba75ef61,56,7,true,0
6703af82d312dda4ba75fab7,79,6703af6cd312dda4ba75ed27,21,55,true,0
6703af82d312dda4ba75fab9,107,6703af63d312dda4ba75e493,7,2,false,0
6703af82d312dda4ba75fabb,35,6703af6fd312dda4ba75ef7f,96,32,true,0
6703af82d312dda4ba75fabd,237,6703af6bd312dda4ba75ebf5,72,95,true,0
6703af82d312dda4ba75fabf,54,6703af5ed312dda4ba75e0eb,99,51,false,0
6703af82d312dda4ba75fac1,247,6703af68d312dda4ba75e931,61,112,true,0
6703af82d312dda4ba75fac3,40,6703af73d312dda4ba75f29d,68,6,false,0
6703af82d312dda4ba75fac5,88,6703af63d312dda4ba75e487,49,49,true,0
6703af82d312dda4ba75fac7,65,6703af6ad312dda4ba75eb4d,56,44,true,0
6703af82d312dda4ba75fac9,28,6703af65d312dda4ba75e661,41,112,true,0
6703af82d312dda4ba75facb,71,6703af78d312dda4ba75f705,17,84,true,0
6703af82d312dda4ba75facd,115,6703af6fd312dda4ba75eef5,8,6,true,0
6703af82d312dda4ba75facf,171,6703af71d312dda4ba75f0c3,87,64,true,0
6703af82d312dda4ba75fad1,132,6703af77d312dda4ba75f67b,87,35,false,0
6703af82d312dda4ba75fad3,176,6703af62d312dda4ba75e3eb,29,84,true,0
6703af82d312dda4ba75fad5,148,6703af60d312dda4ba75e2d1,35,57,false,0
6703af82d312dda4ba75fad7,112,6703af6fd312dda4ba75ef7f,82,76,true,0
6703af82d312dda4ba75fad9,193,6703af62d312dda4ba75e3f1,70,12,true,0
6703af82d312dda4ba75fadb,167,6703af73d312dda4ba75f339,57,18,false,0
6703af82d312dda4ba75fadd,129,6703af6bd312dda4ba75ebd1,38,80,false,0
6703af82d312dda4ba75fadf,202,6703af6bd312dda4ba75ebd1,96,93,true,0
6703af82d312dda4ba75fae1,230,6703af73d312dda4ba75f273,56,40,false,0
6703af82d312dda4ba75fae3,200,6703af6ad312dda4ba75eab1,79,35,true,0
6703af82d312dda4ba75fae5,228,6703af60d312dda4ba75e22f,44,38,false,0
6703af82d312dda4ba75fae7,226,6703af6bd312dda4ba75ec25,25,69,false,0
6703af82d312dda4ba75fae9,23,6703af66d312dda4ba75e72d,33,100,false,0
6703af82d312dda4ba75faeb,103,6703af61d312dda4ba75e343,39,111,true,0
6703af82d312dda4ba75faed,88,6703af5fd312dda4ba75e1bd,0,107,false,0
6703af82d312dda4ba75faef,174,6703af6fd312dda4ba75ef43,12,59,false,0
6703af82d312dda4ba75faf1,77,6703af61d312dda4ba75e331,33,61,true,0
6703af82d312dda4ba75faf3,228,6703af70d312dda4ba75f069,98,68,false,0
6703af82d312dda4ba75faf5,106,6703af72d312dda4ba75f20d,88,50,true,0
6703af82d312dda4ba75faf7,32,6703af6cd312dda4ba75ecc7,96,39,false,0
6703af83d312dda4ba75faf9,100,6703af73d312dda4ba75f2eb,20,89,false,0
6703af83d312dda4ba75fafb,107,6703af6cd312dda4ba75ecf7,80,66,true,0
6703af83d312dda4ba75fafd,92,6703af6ed312dda4ba75eeb9,25,101,false,0
6703af83d312dda4ba75faff,175,6703af6bd312dda4ba75ec31,4,113,false,0
6703af83d312dda4ba75fb01,37,6703af6cd312dda4ba75ec49,98,53,false,0
6703af83d312dda4ba75fb03,238,6703af6ad312dda4ba75eae1,1,21,true,0
6703af83d312dda4ba75fb05,67,6703af76d312dda4ba75f531,59,62,false,0
6703af83d312dda4ba75fb07,109,6703af77d312dda4ba75f64b,32,97,true,0
6703af83d312dda4ba75fb09,164,6703af63d312dda4ba75e4a5,21,8,true,0
6703af83d312dda4ba75fb0b,45,6703af63d312dda4ba75e499,57,17,true,0
6703af83d312dda4ba75fb0d,78,6703af77d312dda4ba75f639,40,83,true,0
6703af83d312dda4ba75fb0f,164,6703af70d312dda4ba75f09f,96,36,false,0
6703af83d312dda4ba75fb11,116,6703af75d312dda4ba75f4d7,52,90,true,0
6703af83d312dda4ba75fb13,226,6703af68d312dda4ba75e93d,11,56,false,0
6703af83d312dda4ba75fb15,14,6703af75d312dda4ba75f423,30,85,false,0
6703af83d312dda4ba75fb17,62,6703af79d312dda4ba75f7ad,4,88,true,0
6703af83d312dda4ba75fb19,170,6703af67d312dda4ba75e895,47,20,true,0
6703af83d312dda4ba75fb1b,57,6703af75d312dda4ba75f4d1,4,6,false,0
6703af83d312dda4ba75fb1d,191,6703af67d312dda4ba75e81d,4,97,true,0
6703af83d312dda4ba75fb1f,59,6703af60d312dda4ba75e2dd,19,106,true,0
6703af83d312dda4ba75fb21,224,6703af66d312dda4ba75e7bd,16,114,true,0
6703af83d312dda4ba75fb23,115,6703af63d312dda4ba75e4ed,20,27,true,0
6703af83d312dda4ba75fb25,66,6703af73d312dda4ba75f2a9,32,67,false,0
6703af83d312dda4ba75fb27,216,6703af77d312dda4ba75f5eb,25,106,false,0
6703af83d312dda4ba75fb29,114,6703af5fd312dda4ba75e1e7,21,28,true,0
6703af83d312dda4ba75fb2b,88,6703af5ed312dda4ba75e0eb,74,29,false,0
6703af83d312dda4ba75fb2d,183,6703af6dd312dda4ba75ed63,76,30,false,0
6703af83d312dda4ba75fb2f,42,6703af66d312dda4ba75e7ab,67,88,true,0
6703af83d312dda4ba75fb31,65,6703af67d312dda4ba75e853,47,99,false,0
6703af83d312dda4ba75fb33,44,6703af60d312dda4ba75e253,80,35,false,0
6703af83d312dda4ba75fb35,206,6703af69d312dda4ba75e9d9,41,24,true,0
6703af83d312dda4ba75fb37,107,6703af79d312dda4ba75f7f5,67,62,false,0
6703af83d312dda4ba75fb39,167,6703af6bd312dda4ba75ebef,49,105,false,0
6703af83d312dda4ba75fb3b,170,6703af6fd312dda4ba75ef13,90,19,false,0
6703af83d312dda4ba75fb3d,35,6703af67d312dda4ba75e835,1,48,false,0
6703af83d312dda4ba75fb3f,91,6703af66d312dda4ba75e7bd,81,38,false,0
6703af83d312dda4ba75fb41,230,6703af6ad312dda4ba75eb53,76,111,true,0
6703af83d312dda4ba75fb43,213,6703af66d312dda4ba75e757,75,78,true,0
6703af83d312dda4ba75fb45,250,6703af6ad312dda4ba75eb5f,8,105,true,0
6703af83d312dda4ba75fb47,128,6703af6ed312dda4ba75ee8f,84,85,false,0
6703af83d312dda4ba75fb49,93,6703af67d312dda4ba75e8b3,51,37,true,0
6703af84d312dda4ba75fb4b,180,6703af71d312dda4ba75f0ff,4,30,true,0
6703af84d312dda4ba75fb4d,73,6703af78d312dda4ba75f717,38,15,false,0
6703af84d312dda4ba75fb4f,72,6703af66d312dda4ba75e76f,3,58,false,0
6703af84d312dda4ba75fb51,158,6703af77d312dda4ba75f5df,40,65,true,0
6703af84d312dda4ba75fb53,169,6703af6fd312dda4ba75ef2b,3,35,true,0
6703af84d312dda4ba75fb55,184,6703af63d312dda4ba75e505,18,69,true,0
6703af84d312dda4ba75fb57,232,6703af73d312dda4ba75f2b5,28,32,true,0
6703af84d312dda4ba75fb59,55,6703af60d312dda4ba75e265,52,119,true,0
6703af84d312dda4ba75fb5b,238,6703af77d312dda4ba75f657,85,95,false,0
6703af84d312dda4ba75fb5d,106,6703af6ad312dda4ba75eac3,23,79,false,0
6703af84d312dda4ba75fb5f,192,6703af60d312dda4ba75e1ff,5,37,false,0
6703af84d312dda4ba75fb61,36,6703af71d312dda4ba75f0c9,66,13,true,0
6703af84d312dda4ba75fb63,131,6703af6ad312dda4ba75eb2f,25,40,true,0
6703af84d312dda4ba75fb65,11,6703af6cd312dda4ba75ec85,1,57,true,0
6703af84d312dda4ba75fb67,244,6703af78d312dda4ba75f747,9,29,true,0
6703af84d312dda4ba75fb69,231,6703af6bd312dda4ba75eb65,35,34,true,0
6703af84d312dda4ba75fb6b,52,6703af62d312dda4ba75e3af,49,25,true,0
6703af84d312dda4ba75fb6d,214,6703af77d312dda4ba75f68d,2,97,false,0
6703af84d312dda4ba75fb6f,226,6703af5ed312dda4ba75e0a9,2,114,true,0
6703af84d312dda4ba75fb71,72,6703af69d312dda4ba75ea09,19,42,true,0
6703af84d312dda4ba75fb73,151,6703af6dd312dda4ba75eddb,37,116,true,0
6703af84d312dda4ba75fb75,59,6703af66d312dda4ba75e745,36,87,true,0
6703af84d312dda4ba75fb77,112,6703af64d312dda4ba75e637,41,34,false,0
6703af84d312dda4ba75fb79,13,6703af65d312dda4ba75e66d,5,9,true,0
6703af84d312dda4ba75fb7b,229,6703af5fd312dda4ba75e1bd,30,33,false,0
6703af84d312dda4ba75fb7d,40,6703af66d312dda4ba75e739,94,71,true,0
6703af84d312dda4ba75fb7f,124,6703af6dd312dda4ba75ed63,79,1,true,0
6703af84d312dda4ba75fb81,207,6703af75d312dda4ba75f435,93,112,true,0
6703af84d312dda4ba75fb83,96,6703af75d312dda4ba75f435,17,29,true,0
6703af84d312dda4ba75fb85,195,6703af66d312dda4ba75e6fd,57,53,false,0
6703af84d312dda4ba75fb87,32,6703af73d312dda4ba75f2af,84,114,false,0
6703af84d312dda4ba75fb89,78,6703af5fd312dda4ba75e1b1,89,105,false,0
6703af84d312dda4ba75fb8b,183,6703af6ad312dda4ba75eb5f,32,9,true,0
6703af84d312dda4ba75fb8d,221,6703af60d312dda4ba75e1f9,45,40,true,0
6703af84d312dda4ba75fb8f,22,6703af6ed312dda4ba75eee9,0,37,false,0
6703af84d312dda4ba75fb91,161,6703af6fd312dda4ba75ef73,93,58,false,0
6703af84d312dda4ba75fb93,130,6703af66d312dda4ba75e769,2,4,false,0
6703af84d312dda4ba75fb95,62,6703af70d312dda4ba75f039,83,28,true,0
6703af84d312dda4ba75fb97,124,6703af76d312dda4ba75f549,90,16,true,0
6703af85d312dda4ba75fb99,186,6703af73d312dda4ba75f2e5,85,106,false,0
6703af85d312dda4ba75fb9b,31,6703af61d312dda4ba75e307,39,101,false,0
6703af85d312dda4ba75fb9d,53,6703af63d312dda4ba75e4f3,27,42,true,0
6703af85d312dda4ba75fb9f,109,6703af6bd312dda4ba75ebe9,51,7,true,0
6703af85d312dda4ba75fba1,235,6703af66d312dda4ba75e775,24,107,false,0
6703af85d312dda4ba75fba3,134,6703af77d312dda4ba75f5f1,61,27,true,0
6703af85d312dda4ba75fba5,16,6703af6fd312dda4ba75ef2b,57,107,true,0
6703af85d312dda4ba75fba7,28,6703af61d312dda4ba75e31f,97,8,true,0
6703af85d312dda4ba75fba9,48,6703af71d312dda4ba75f0c9,89,8,false,0
6703af85d312dda4ba75fbab,113,6703af64d312dda4ba75e571,15,21,true,0
6703af85d312dda4ba75fbad,240,6703af78d312dda4ba75f759,39,20,true,0
6703af85d312dda4ba75fbaf,217,6703af65d312dda4ba75e667,90,21,true,0
6703af85d312dda4ba75fbb1,224,6703af79d312dda4ba75f7d1,12,40,false,0
6703af85d312dda4ba75fbb3,99,6703af72d312dda4ba75f201,39,21,false,0
6703af85d312dda4ba75fbb5,156,6703af73d312dda4ba75f279,27,43,true,0
6703af85d312dda4ba75fbb7,228,6703af60d312dda4ba75e247,31,39,false,0
6703af85d312dda4ba75fbb9,219,6703af66d312dda4ba75e703,94,16,true,0
6703af85d312dda4ba75fbbb,19,6703af75d312dda4ba75f42f,52,89,false,0
6703af85d312dda4ba75fbbd,137,6703af5fd312dda4ba75e151,46,59,true,0
6703af85d312dda4ba75fbbf,242,6703af67d312dda4ba75e88f,34,117,false,0
6703af85d312dda4ba75fbc1,236,6703af69d312dda4ba75ea45,9,27,true,0
6703af85d312dda4ba75fbc3,57,6703af67d312dda4ba75e80b,33,1,false,0
6703af85d312dda4ba75fbc5,167,6703af6fd312dda4ba75ef97,68,102,false,0
6703af85d312dda4ba75fbc7,26,6703af63d312dda4ba75e4b1,1,11,false,0
6703af85d312dda4ba75fbc9,221,6703af73d312dda4ba75f255,38,99,false,0
6703af85d312dda4ba75fbcb,115,6703af64d312dda4ba75e5d1,17,88,false,0
6703af85d312dda4ba75fbcd,213,6703af74d312dda4ba75f375,63,83,false,0
6703af85d312dda4ba75fbcf,62,6703af6ad312dda4ba75ea9f,85,66,false,0
6703af85d312dda4ba75fbd1,165,6703af60d312dda4ba75e2a7,34,114,true,0
6703af85d312dda4ba75fbd3,204,6703af6ad312dda4ba75eab7,92,35,false,0
6703af85d312dda4ba75fbd5,77,6703af64d312dda4ba75e631,42,12,false,0
6703af85d312dda4ba75fbd7,175,6703af63d312dda4ba75e523,29,9,true,0
6703af85d312dda4ba75fbd9,168,6703af61d312dda4ba75e349,98,89,false,0
6703af85d312dda4ba75fbdb,81,6703af6ed312dda4ba75eeb3,2,93,true,0
6703af85d312dda4ba75fbdd,131,6703af73d312dda4ba75f2f1,55,25,false,0
6703af85d312dda4ba75fbdf,14,6703af61d312dda4ba75e2f5,66,61,false,0
6703af85d312dda4ba75fbe1,183,6703af74d312dda4ba75f357,38,75,false,0
6703af86d312dda4ba75fbe3,132,6703af66d312dda4ba75e757,61,107,false,0
6703af86d312dda4ba75fbe5,131,6703af68d312dda4ba75e901,9,2,false,0
6703af86d312dda4ba75fbe7,191,6703af68d312dda4ba75e991,56,7,false,0
6703af86d312dda4ba75fbe9,200,6703af6cd312dda4ba75ecc1,46,22,false,0
6703af86d312dda4ba75fbeb,177,6703af6cd312dda4ba75ec4f,14,118,true,0
6703af86d312dda4ba75fbed,144,6703af6ad312dda4ba75eac9,73,113,true,0
6703af86d312dda4ba75fbef,225,6703af79d312dda4ba75f7a7,64,72,true,0
6703af86d312dda4ba75fbf1,38,6703af77d312dda4ba75f5f1,33,78,false,0
6703af86d312dda4ba75fbf3,66,6703af70d312dda4ba75efe5,98,80,true,0
6703af86d312dda4ba75fbf5,148,6703af78d312dda4ba75f783,2,38,true,0
6703af86d312dda4ba75fbf7,153,6703af6ed312dda4ba75ee6b,74,9,false,0
6703af86d312dda4ba75fbf9,176,6703af64d312dda4ba75e5f5,86,91,false,0
6703af86d312dda4ba75fbfb,16,6703af6cd312dda4ba75ed0f,48,79,false,0
6703af86d312dda4ba75fbfd,151,6703af6cd312dda4ba75eca3,69,46,true,0
6703af86d312dda4ba75fbff,142,6703af6ed312dda4ba75ee8f,64,84,false,0
6703af86d312dda4ba75fc01,129,6703af6ad312dda4ba75ea8d,42,98,false,0
6703af86d312dda4ba75fc03,97,6703af6bd312dda4ba75ec25,47,44,true,0
6703af86d312dda4ba75fc05,69,6703af68d312dda4ba75e90d,93,12,true,0
6703af86d312dda4ba75fc07,33,6703af77d312dda4ba75f657,5,40,false,0
6703af86d312dda4ba75fc09,88,6703af63d312dda4ba75e53b,85,20,true,0
6703af86d312dda4ba75fc0b,25,6703af76d312dda4ba75f585,53,109,false,0
6703af86d312dda4ba75fc0d,249,6703af6cd312dda4ba75ecfd,51,20,false,0
6703af86d312dda4ba75fc0f,21,6703af67d312dda4ba75e7f3,51,40,true,0
6703af86d312dda4ba75fc11,35,6703af67d312dda4ba75e82f,55,81,true,0
6703af86d312dda4ba75fc13,26,6703af6cd312dda4ba75eccd,14,120,false,0
6703af86d312dda4ba75fc15,109,6703af68d312dda4ba75e973,85,110,true,0
6703af86d312dda4ba75fc17,26,6703af5fd312dda4ba75e139,4,6,false,0
6703af86d312dda4ba75fc19,149,6703af66d312dda4ba75e7c3,52,48,true,0
6703af86d312dda4ba75fc1b,135,6703af70d312dda4ba75f081,16,89,true,0
6703af86d312dda4ba75fc1d,225,6703af61d312dda4ba75e307,53,9,false,0
6703af86d312dda4ba75fc1f,85,6703af62d312dda4ba75e44b,86,11,true,0
6703af86d312dda4ba75fc21,70,6703af6bd312dda4ba75eb89,97,117,true,0
6703af86d312dda4ba75fc23,149,6703af62d312dda4ba75e39d,24,99,false,0
6703af86d312dda4ba75fc25,155,6703af60d312dda4ba75e2d1,17,39,true,0
6703af86d312dda4ba75fc27,184,6703af6cd312dda4ba75ec97,38,77,true,0
6703af86d312dda4ba75fc29,126,6703af77d312dda4ba75f675,53,116,true,0
6703af86d312dda4ba75fc2b,117,6703af74d312dda4ba75f3ed,72,110,false,0
6703af86d312dda4ba75fc2d,212,6703af71d312dda4ba75f0ff,13,103,true,0
6703af86d312dda4ba75fc2f,239,6703af64d312dda4ba75e59b,68,73,false,0
6703af86d312dda4ba75fc31,135,6703af6fd312dda4ba75ef1f,58,96,false,0
6703af87d312dda4ba75fc33,235,6703af76d312dda4ba75f513,43,92,false,0
6703af87d312dda4ba75fc35,198,6703af6ad312dda4ba75eb11,32,69,false,0
6703af87d312dda4ba75fc37,216,6703af75d312dda4ba75f483,12,3,false,0
6703af87d312dda4ba75fc39,174,6703af6bd312dda4ba75ebe3,22,91,true,0
6703af87d312dda4ba75fc3b,167,6703af6cd312dda4ba75eca9,60,113,true,0
6703af87d312dda4ba75fc3d,243,6703af6dd312dda4ba75edff,2,76,true,0
6703af87d312dda4ba75fc3f,59,6703af74d312dda4ba75f3db,41,20,false,0
6703af87d312dda4ba75fc41,175,6703af78d312dda4ba75f717,85,96,false,0
6703af87d312dda4ba75fc43,171,6703af67d312dda4ba75e889,85,111,false,0
6703af87d312dda4ba75fc45,37,6703af6bd312dda4ba75ec01,47,2,false,0
6703af87d312dda4ba75fc47,54,6703af78d312dda4ba75f717,20,22,false,0
6703af87d312dda4ba75fc49,143,6703af62d312dda4ba75e481,16,15,false,0
6703af87d312dda4ba75fc4b,16,6703af73d312dda4ba75f2c1,59,120,false,0
6703af87d312dda4ba75fc4d,222,6703af6bd312dda4ba75ebef,37,93,false,0
6703af87d312dda4ba75fc4f,128,6703af77d312dda4ba75f5cd,73,45,true,0
6703af87d312dda4ba75fc51,99,6703af63d312dda4ba75e4e1,25,64,true,0
6703af87d312dda4ba75fc53,208,6703af75d312dda4ba75f453,77,35,true,0
6703af87d312dda4ba75fc55,17,6703af68d312dda4ba75e937,34,13,false,0
6703af87d312dda4ba75fc57,145,6703af5fd312dda4ba75e12d,83,69,false,0
6703af87d312dda4ba75fc59,246,6703af61d312dda4ba75e397,95,5,false,0
6703af87d312dda4ba75fc5b,145,6703af73d312dda4ba75f2b5,84,87,true,0
6703af87d312dda4ba75fc5d,138,6703af70d312dda4ba75efd9,58,79,true,0
6703af87d312dda4ba75fc5f,100,6703af64d312dda4ba75e577,18,54,false,0
6703af87d312dda4ba75fc61,238,6703af63d312dda4ba75e49f,14,112,true,0
6703af87d312dda4ba75fc63,59,6703af6ed312dda4ba75ee83,82,40,false,0
6703af87d312dda4ba75fc65,238,6703af65d312dda4ba75e661,15,14,true,0
6703af87d312dda4ba75fc67,248,6703af71d312dda4ba75f0db,42,7,false,0
6703af87d312dda4ba75fc69,56,6703af79d312dda4ba75f7ad,75,71,false,0
6703af87d312dda4ba75fc6b,40,6703af64d312dda4ba75e637,8,30,true,0
6703af87d312dda4ba75fc6d,62,6703af75d312dda4ba75f42f,64,118,false,0
6703af87d312dda4ba75fc6f,159,6703af6bd312dda4ba75eb7d,52,57,true,0
6703af87d312dda4ba75fc71,65,6703af71d312dda4ba75f0e7,64,92,false,0
6703af87d312dda4ba75fc73,46,6703af60d312dda4ba75e223,73,45,false,0
6703af87d312dda4ba75fc75,172,6703af5fd312dda4ba75e1e7,56,7,true,0
6703af87d312dda4ba75fc77,187,6703af64d312dda4ba75e57d,0,74,false,0
6703af87d312dda4ba75fc79,54,6703af65d312dda4ba75e66d,8,16,true,0
6703af87d312dda4ba75fc7b,165,6703af67d312dda4ba75e847,97,92,false,0
6703af87d312dda4ba75fc7d,133,6703af72d312dda4ba75f201,53,40,true,0
6703af87d312dda4ba75fc7f,179,6703af75d312dda4ba75f4d1,45,92,true,0
6703af88d312dda4ba75fc81,37,6703af63d312dda4ba75e4db,79,68,true,0
6703af88d312dda4ba75fc83,21,6703af70d312dda4ba75f0b1,24,30,true,0
6703af88d312dda4ba75fc85,224,6703af77d312dda4ba75f5eb,60,118,false,0
6703af88d312dda4ba75fc87,63,6703af6fd312dda4ba75ef01,43,110,true,0
6703af88d312dda4ba75fc89,211,6703af6fd312dda4ba75ef67,69,99,false,0
6703af88d312dda4ba75fc8b,134,6703af71d312dda4ba75f0f3,55,66,true,0
6703af88d312dda4ba75fc8d,186,6703af75d312dda4ba75f465,32,99,true,0
6703af88d312dda4ba75fc8f,147,6703af71d312dda4ba75f111,13,24,true,0
6703af88d312dda4ba75fc91,90,6703af74d312dda4ba75f35d,73,29,true,0
6703af88d312dda4ba75fc93,41,6703af6bd312dda4ba75ebb3,66,64,false,0
6703af88d312dda4ba75fc95,221,6703af6fd312dda4ba75ef43,70,102,true,0
6703af88d312dda4ba75fc97,231,6703af71d312dda4ba75f0f9,50,116,true,0
6703af88d312dda4ba75fc99,104,6703af6ad312dda4ba75eb3b,94,36,false,0
6703af88d312dda4ba75fc9b,150,6703af76d312dda4ba75f537,0,93,false,0
6703af88d312dda4ba75fc9d,46,6703af6fd312dda4ba75ef5b,66,92,true,0
6703af88d312dda4ba75fc9f,40,6703af78d312dda4ba75f729,36,103,true,0
6703af88d312dda4ba75fca1,95,6703af62d312dda4ba75e451,2,10,false,0
6703af88d312dda4ba75fca3,220,6703af73d312dda4ba75f2a9,34,38,true,0
6703af88d312dda4ba75fca5,110,6703af6dd312dda4ba75ed63,29,100,false,0
6703af88d312dda4ba75fca7,99,6703af6cd312dda4ba75ed27,9,48,true,0
6703af88d312dda4ba75fca9,231,6703af68d312dda4ba75e901,33,27,true,0
6703af88d312dda4ba75fcab,154,6703af6cd312dda4ba75ec79,60,23,false,0
6703af88d312dda4ba75fcad,129,6703af68d312dda4ba75e901,18,109,true,0
6703af88d312dda4ba75fcaf,185,6703af64d312dda4ba75e5fb,98,34,false,0
6703af88d312dda4ba75fcb1,93,6703af68d312dda4ba75e8d1,26,105,true,0
6703af88d312dda4ba75fcb3,11,6703af6dd312dda4ba75ede7,43,109,false,0
6703af88d312dda4ba75fcb5,111,6703af77d312dda4ba75f5c7,25,101,true,0
6703af88d312dda4ba75fcb7,177,6703af6ad312dda4ba75ead5,19,32,false,0
6703af88d312dda4ba75fcb9,17,6703af6fd312dda4ba75efaf,88,4,true,0
6703af88d312dda4ba75fcbb,178,6703af6ed312dda4ba75ee53,60,91,false,0
6703af88d312dda4ba75fcbd,63,6703af6ad312dda4ba75eaf9,18,86,false,0
6703af88d312dda4ba75fcbf,246,6703af70d312dda4ba75f09f,90,118,false,0
6703af88d312dda4ba75fcc1,63,6703af65d312dda4ba75e697,59,61,true,0
6703af88d312dda4ba75fcc3,182,6703af75d312dda4ba75f471,57,117,true,0
6703af88d312dda4ba75fcc5,234,6703af71d312dda4ba75f165,58,25,true,0
6703af88d312dda4ba75fcc7,49,6703af6bd312dda4ba75ebef,36,118,false,0
6703af88d312dda4ba75fcc9,124,6703af6fd312dda4ba75efa9,18,8,true,0
6703af88d312dda4ba75fccb,246,6703af70d312dda4ba75f033,47,7,false,0
6703af88d312dda4ba75fccd,95,6703af78d312dda4ba75f6e1,36,2,false,0
6703af88d312dda4ba75fccf,167,6703af65d312dda4ba75e6c7,23,32,true,0
6703af89d312dda4ba75fcd1,11,6703af78d312dda4ba75f777,1,90,false,0
6703af89d312dda4ba75fcd3,239,6703af6ad312dda4ba75eadb,49,44,false,0
6703af89d312dda4ba75fcd5,57,6703af78d312dda4ba75f6ed,7,105,true,0
6703af89d312dda4ba75fcd7,132,6703af69d312dda4ba75e9a3,11,53,false,0
6703af89d312dda4ba75fcd9,223,6703af66d312dda4ba75e745,10,46,true,0
6703af89d312dda4ba75fcdb,190,6703af71d312dda4ba75f105,84,46,false,0
6703af89d312dda4ba75fcdd,126,6703af60d312dda4ba75e235,62,63,true,0
6703af89d312dda4ba75fcdf,47,6703af6ed312dda4ba75eecb,87,18,true,0
6703af89d312dda4ba75fce1,200,6703af76d312dda4ba75f59d,83,116,true,0
6703af89d312dda4ba75fce3,106,6703af6cd312dda4ba75ed09,25,78,true,0
6703af89d312dda4ba75fce5,236,6703af5ed312dda4ba75e097,24,46,false,0
6703af89d312dda4ba75fce7,66,6703af73d312dda4ba75f2a3,94,80,true,0
6703af89d312dda4ba75fce9,66,6703af79d312dda4ba75f795,80,25,false,0
6703af89d312dda4ba75fceb,121,6703af62d312dda4ba75e415,97,81,true,0
6703af89d312dda4ba75fced,143,6703af6ed312dda4ba75ee5f,89,62,false,0
6703af89d312dda4ba75fcef,36,6703af69d312dda4ba75ea1b,35,83,true,0
6703af89d312dda4ba75fcf1,57,6703af60d312dda4ba75e25f,56,89,false,0
6703af89d312dda4ba75fcf3,171,6703af66d312dda4ba75e7b1,20,92,false,0
6703af89d312dda4ba75fcf5,139,6703af6bd312dda4ba75ebcb,86,70,false,0
6703af89d312dda4ba75fcf7,118,6703af78d312dda4ba75f6c3,14,81,false,0
6703af89d312dda4ba75fcf9,112,6703af74d312dda4ba75f3b1,89,96,false,0
6703af89d312dda4ba75fcfb,201,6703af68d312dda4ba75e8cb,0,76,true,0
6703af89d312dda4ba75fcfd,184,6703af65d312dda4ba75e6e5,29,68,false,0
6703af89d312dda4ba75fcff,120,6703af72d312dda4ba75f24f,13,26,true,0
6703af89d312dda4ba75fd01,108,6703af78d312dda4ba75f735,18,42,true,0
6703af89d312dda4ba75fd03,178,6703af6dd312dda4ba75edff,34,73,true,0
6703af89d312dda4ba75fd05,121,6703af60d312dda4ba75e23b,74,33,true,0
6703af89d312dda4ba75fd07,63,6703af77d312dda4ba75f5cd,20,71,true,0
6703af89d312dda4ba75fd09,36,6703af67d312dda4ba75e859,90,116,true,0
6703af89d312dda4ba75fd0b,173,6703af68d312dda4ba75e96d,90,90,true,0
6703af89d312dda4ba75fd0d,29,6703af6bd312dda4ba75ebd7,64,34,true,0
6703af89d312dda4ba75fd0f,77,6703af6ad312dda4ba75eb47,13,21,true,0
6703af89d312dda4ba75fd11,210,6703af74d312dda4ba75f3b7,83,15,true,0
6703af89d312dda4ba75fd13,243,6703af75d312dda4ba75f4cb,61,69,true,0
6703af89d312dda4ba75fd15,84,6703af75d312dda4ba75f47d,15,91,true,0
6703af89d312dda4ba75fd17,42,6703af5ed312dda4ba75e0fd,15,18,true,0
6703af89d312dda4ba75fd19,85,6703af5fd312dda4ba75e115,46,101,true,0
6703af89d312dda4ba75fd1b,114,6703af71d312dda4ba75f0c3,33,1,false,0
6703af89d312dda4ba75fd1d,61,6703af60d312dda4ba75e211,21,54,true,0
6703af89d312dda4ba75fd1f,20,6703af62d312dda4ba75e3c7,7,1,true,0
6703af89d312dda4ba75fd21,140,6703af71d312dda4ba75f135,76,31,true,0
6703af8ad312dda4ba75fd23,23,6703af6ed312dda4ba75ee5f,42,98,true,0
6703af8ad312dda4ba75fd25,208,6703af65d312dda4ba75e6d9,46,42,true,0
6703af8ad312dda4ba75fd27,44,6703af75d312dda4ba75f423,100,112,false,0
6703af8ad312dda4ba75fd29,232,6703af60d312dda4ba75e2dd,89,68,false,0
6703af8ad312dda4ba75fd2b,143,6703af78d312dda4ba75f6cf,87,70,true,0
6703af8ad312dda4ba75fd2d,234,6703af66d312dda4ba75e727,23,87,true,0
6703af8ad312dda4ba75fd2f,22,6703af6ad312dda4ba75eadb,77,30,true,0
6703af8ad312dda4ba75fd31,133,6703af74d312dda4ba75f39f,92,19,true,0
6703af8ad312dda4ba75fd33,176,6703af6bd312dda4ba75eb65,15,28,false,0
6703af8ad312dda4ba75fd35,114,6703af79d312dda4ba75f7e3,38,107,false,0
6703af8ad312dda4ba75fd37,92,6703af73d312dda4ba75f2df,39,102,false,0
6703af8ad312dda4ba75fd39,153,6703af68d312dda4ba75e979,86,81,true,0
6703af8ad312dda4ba75fd3b,28,6703af73d312dda4ba75f2a3,1,53,true,0
6703af8ad312dda4ba75fd3d,86,6703af6bd312dda4ba75ebc5,45,53,false,0
6703af8ad312dda4ba75fd3f,199,6703af77d312dda4ba75f5df,12,93,true,0
6703af8ad312dda4ba75fd41,201,6703af67d312dda4ba75e835,65,45,true,0
6703af8ad312dda4ba75fd43,16,6703af6fd312dda4ba75ef1f,8,85,false,0
6703af8ad312dda4ba75fd45,210,6703af62d312dda4ba75e421,5,30,false,0
6703af8ad312dda4ba75fd47,185,6703af62d312dda4ba75e41b,88,2,true,0
6703af8ad312dda4ba75fd49,75,6703af6bd312dda4ba75eb6b,42,53,true,0
6703af8ad312dda4ba75fd4b,84,6703af5fd312dda4ba75e1ed,6,22,true,0
6703af8ad312dda4ba75fd4d,229,6703af66d312dda4ba75e793,7,108,false,0
6703af8ad312dda4ba75fd4f,139,6703af75d312dda4ba75f48f,34,2,false,0
6703af8ad312dda4ba75fd51,86,6703af6dd312dda4ba75edff,7,14,false,0
6703af8ad312dda4ba75fd53,46,6703af6cd312dda4ba75ec6d,91,80,true,0
6703af8ad312dda4ba75fd55,210,6703af5fd312dda4ba75e17b,6,4,true,0
6703af8ad312dda4ba75fd57,216,6703af5fd312dda4ba75e151,37,67,false,0
6703af8ad312dda4ba75fd59,67,6703af71d312dda4ba75f11d,52,45,true,0
6703af8ad312dda4ba75fd5b,208,6703af5fd312dda4ba75e181,42,32,true,0
6703af8ad312dda4ba75fd5d,148,6703af74d312dda4ba75f3e7,15,11,true,0
6703af8ad312dda4ba75fd5f,12,6703af75d312dda4ba75f495,56,15,true,0
6703af8ad312dda4ba75fd61,233,6703af6ed312dda4ba75eedd,26,83,true,0
6703af8ad312dda4ba75fd63,132,6703af6cd312dda4ba75eceb,60,112,false,0
6703af8ad312dda4ba75fd65,133,6703af63d312dda4ba75e4b1,3,45,false,0
6703af8ad312dda4ba75fd67,54,6703af73d312dda4ba75f2df,45,43,false,0
6703af8ad312dda4ba75fd69,98,6703af79d312dda4ba75f7cb,82,88,true,0
6703af8ad312dda4ba75fd6b,69,6703af70d312dda4ba75f087,36,38,false,0
6703af8ad312dda4ba75fd6d,235,6703af65d312dda4ba75e6d9,82,33,false,0
6703af8ad312dda4ba75fd6f,145,6703af68d312dda4ba75e90d,50,55,false,0
6703af8ad312dda4ba75fd71,161,6703af6ad312dda4ba75eb4d,31,12,false,0
6703af8bd312dda4ba75fd73,232,6703af64d312dda4ba75e577,8,65,false,0
6703af8bd312dda4ba75fd75,38,6703af66d312dda4ba75e739,17,81,false,0
6703af8bd312dda4ba75fd77,40,6703af71d312dda4ba75f0c3,48,47,false,0
6703af8bd312dda4ba75fd79,30,6703af73d312dda4ba75f25b,3,42,true,0
6703af8bd312dda4ba75fd7b,247,6703af79d312dda4ba75f7a1,79,11,false,0
6703af8bd312dda4ba75fd7d,36,6703af76d312dda4ba75f531,19,74,false,0
6703af8bd312dda4ba75fd7f,134,6703af67d312dda4ba75e7e7,5,37,false,0
6703af8bd312dda4ba75fd81,219,6703af68d312dda4ba75e91f,79,25,false,0
6703af8bd312dda4ba75fd83,52,6703af63d312dda4ba75e4f3,48,55,true,0
6703af8bd312dda4ba75fd85,96,6703af73d312dda4ba75f2af,38,54,false,0
6703af8bd312dda4ba75fd87,158,6703af74d312dda4ba75f3c9,44,43,true,0
6703af8bd312dda4ba75fd89,171,6703af67d312dda4ba75e883,84,76,true,0
6703af8bd312dda4ba75fd8b,211,6703af6ed312dda4ba75eec5,43,66,true,0
6703af8bd312dda4ba75fd8d,55,6703af66d312dda4ba75e7bd,33,53,true,0
6703af8bd312dda4ba75fd8f,140,6703af75d312dda4ba75f489,73,54,true,0
6703af8bd312dda4ba75fd91,88,6703af78d312dda4ba75f705,7,86,false,0
6703af8bd312dda4ba75fd93,88,6703af61d312dda4ba75e325,48,38,false,0
6703af8bd312dda4ba75fd95,118,6703af68d312dda4ba75e91f,16,102,false,0
6703af8bd312dda4ba75fd97,196,6703af6bd312dda4ba75ec1f,48,114,true,0
6703af8bd312dda4ba75fd99,171,6703af61d312dda4ba75e325,16,53,false,0
6703af8bd312dda4ba75fd9b,27,6703af70d312dda4ba75f03f,69,92,true,0
6703af8bd312dda4ba75fd9d,48,6703af66d312dda4ba75e751,80,59,true,0
6703af8bd312dda4ba75fd9f,183,6703af6cd312dda4ba75eccd,94,78,true,0
6703af8bd312dda4ba75fda1,22,6703af6cd312dda4ba75ec49,89,41,false,0
6703af8bd312dda4ba75fda3,47,6703af70d312dda4ba75f033,20,87,true,0
6703af8bd312dda4ba75fda5,141,6703af71d312dda4ba75f105,48,114,true,0
6703af8bd312dda4ba75fda7,90,6703af60d312dda4ba75e241,100,37,true,0
6703af8bd312dda4ba75fda9,134,6703af60d312dda4ba75e229,30,107,false,0
6703af8bd312dda4ba75fdab,13,6703af61d312dda4ba75e391,1,26,false,0
6703af8bd312dda4ba75fdad,226,6703af6cd312dda4ba75ecf7,97,107,false,0
6703af8bd312dda4ba75fdaf,159,6703af6bd312dda4ba75ec1f,85,38,false,0
6703af8bd312dda4ba75fdb1,135,6703af73d312dda4ba75f2a9,38,85,false,0
6703af8bd312dda4ba75fdb3,170,6703af62d312dda4ba75e44b,72,37,true,0
6703af8bd312dda4ba75fdb5,137,6703af76d312dda4ba75f53d,26,46,true,0
6703af8bd312dda4ba75fdb7,144,6703af6bd312dda4ba75eba7,50,50,true,0
6703af8bd312dda4ba75fdb9,47,6703af64d312dda4ba75e5cb,46,12,true,0
6703af8bd312dda4ba75fdbb,248,6703af79d312dda4ba75f7e9,45,120,false,0
6703af8bd312dda4ba75fdbd,24,6703af65d312dda4ba75e6b5,58,105,false,0
6703af8bd312dda4ba75fdbf,179,6703af71d312dda4ba75f177,67,45,false,0
6703af8bd312dda4ba75fdc1,101,6703af76d312dda4ba75f59d,50,5,false,0
6703af8bd312dda4ba75fdc3,31,6703af5ed312dda4ba75e08b,14,107,true,0
6703af8cd312dda4ba75fdc5,247,6703af75d312dda4ba75f465,86,117,true,0
6703af8cd312dda4ba75fdc7,56,6703af67d312dda4ba75e87d,2,17,true,0
6703af8cd312dda4ba75fdc9,29,6703af66d312dda4ba75e71b,94,4,true,0
6703af8cd312dda4ba75fdcb,85,6703af63d312dda4ba75e499,62,12,false,0
6703af8cd312dda4ba75fdcd,162,6703af63d312dda4ba75e535,91,61,false,0
6703af8cd312dda4ba75fdcf,151,6703af78d312dda4ba75f6db,4,63,false,0
6703af8cd312dda4ba75fdd1,230,6703af6ed312dda4ba75ee3b,52,13,false,0
6703af8cd312dda4ba75fdd3,60,6703af68d312dda4ba75e8f5,58,80,false,0
6703af8cd312dda4ba75fdd5,108,6703af67d312dda4ba75e895,70,31,false,0
6703af8cd312dda4ba75fdd7,187,6703af71d312dda4ba75f171,71,72,false,0
6703af8cd312dda4ba75fdd9,82,6703af5fd312dda4ba75e1e7,89,35,true,0
6703af8cd312dda4ba75fddb,101,6703af61d312dda4ba75e313,18,1,false,0
6703af8cd312dda4ba75fddd,14,6703af6fd312dda4ba75efaf,38,86,true,0
6703af8cd312dda4ba75fddf,103,6703af68d312dda4ba75e8fb,72,82,true,0
6703af8cd312dda4ba75fde1,43,6703af66d312dda4ba75e763,59,28,false,0
6703af8cd312dda4ba75fde3,112,6703af60d312dda4ba75e2e3,22,65,true,0
6703af8cd312dda4ba75fde5,104,6703af76d312dda4ba75f507,61,32,false,0
6703af8cd312dda4ba75fde7,137,6703af75d312dda4ba75f459,52,21,false,0
6703af8cd312dda4ba75fde9,146,6703af74d312dda4ba75f417,56,116,false,0
6703af8cd312dda4ba75fdeb,63,6703af64d312dda4ba75e5b9,61,50,true,0
6703af8cd312dda4ba75fded,25,6703af63d312dda4ba75e523,64,73,false,0
6703af8cd312dda4ba75fdef,155,6703af6ed312dda4ba75ee41,53,48,false,0
6703af8cd312dda4ba75fdf1,67,6703af5ed312dda4ba75e0df,38,98,false,0
6703af8cd312dda4ba75fdf3,154,6703af77d312dda4ba75f669,100,82,false,0
6703af8cd312dda4ba75fdf5,165,6703af67d312dda4ba75e817,37,119,false,0
6703af8cd312dda4ba75fdf7,250,6703af69d312dda4ba75e9eb,44,80,false,0
6703af8cd312dda4ba75fdf9,50,6703af63d312dda4ba75e4ff,39,77,false,0
6703af8cd312dda4ba75fdfb,68,6703af64d312dda4ba75e5a1,84,74,false,0
6703af8cd312dda4ba75fdfd,158,6703af69d312dda4ba75ea51,61,12,false,0
6703af8cd312dda4ba75fdff,38,6703af6ad312dda4ba75eaed,91,68,false,0
6703af8cd312dda4ba75fe01,59,6703af76d312dda4ba75f59d,45,10,false,0
6703af8cd312dda4ba75fe03,249,6703af6dd312dda4ba75ed57,39,101,false,0
6703af8cd312dda4ba75fe05,72,6703af77d312dda4ba75f687,48,92,false,0
6703af8cd312dda4ba75fe07,78,6703af79d312dda4ba75f7ef,39,16,false,0
6703af8cd312dda4ba75fe09,155,6703af65d312dda4ba75e65b,29,20,true,0
6703af8cd312dda4ba75fe0b,108,6703af6dd312dda4ba75eda5,65,74,false,0
6703af8cd312dda4ba75fe0d,225,6703af61d312dda4ba75e361,75,41,true,0
6703af8cd312dda4ba75fe0f,135,6703af6fd312dda4ba75efa3,3,20,true,0
6703af8cd312dda4ba75fe11,129,6703af78d312dda4ba75f74d,48,33,false,0
6703af8cd312dda4ba75fe13,196,6703af6bd312dda4ba75eb8f,96,86,false,0
6703af8dd312dda4ba75fe15,69,6703af6ed312dda4ba75ee47,10,24,true,0
6703af8dd312dda4ba75fe17,95,6703af6cd312dda4ba75ec61,55,3,false,0
6703af8dd312dda4ba75fe19,58,6703af60d312dda4ba75e22f,86,59,true,0
6703af8dd312dda4ba75fe1b,63,6703af74d312dda4ba75f3ed,46,20,false,0
6703af8dd312dda4ba75fe1d,127,6703af66d312dda4ba75e79f,55,106,true,0
6703af8dd312dda4ba75fe1f,210,6703af68d312dda4ba75e92b,7,33,true,0
6703af8dd312dda4ba75fe21,156,6703af75d312dda4ba75f48f,79,53,false,0
6703af8dd312dda4ba75fe23,90,6703af5fd312dda4ba75e1b1,23,83,false,0
6703af8dd312dda4ba75fe25,150,6703af6ad312dda4ba75eb11,39,50,false,0
6703af8dd312dda4ba75fe27,117,6703af79d312dda4ba75f7a1,55,104,false,0
6703af8dd312dda4ba75fe29,175,6703af71d312dda4ba75f11d,30,29,false,0
6703af8dd312dda4ba75fe2b,236,6703af79d312dda4ba75f7d1,89,29,false,0
6703af8dd312dda4ba75fe2d,48,6703af64d312dda4ba75e5e3,51,46,true,0
6703af8dd312dda4ba75fe2f,201,6703af74d312dda4ba75f387,61,33,true,0
6703af8dd312dda4ba75fe31,22,6703af66d312dda4ba75e7cf,4,108,false,0
6703af8dd312dda4ba75fe33,247,6703af77d312dda4ba75f651,2,39,false,0
6703af8dd312dda4ba75fe35,58,6703af73d312dda4ba75f31b,51,57,true,0
6703af8dd312dda4ba75fe37,50,6703af6cd312dda4ba75ed15,27,97,true,0
6703af8dd312dda4ba75fe39,149,6703af76d312dda4ba75f5a3,62,31,false,0
6703af8dd312dda4ba75fe3b,91,6703af73d312dda4ba75f2bb,87,93,false,0
6703af8dd312dda4ba75fe3d,55,6703af79d312dda4ba75f7ad,63,59,false,0
6703af8dd312dda4ba75fe3f,82,6703af70d312dda4ba75f081,22,75,false,0
6703af8dd312dda4ba75fe41,15,6703af71d312dda4ba75f141,84,71,false,0
6703af8dd312dda4ba75fe43,165,6703af71d312dda4ba75f12f,58,33,false,0
6703af8dd312dda4ba75fe45,150,6703af74d312dda4ba75f351,41,54,false,0
6703af8dd312dda4ba75fe47,115,6703af6cd312dda4ba75ec4f,29,26,true,0
6703af8dd312dda4ba75fe49,136,6703af68d312dda4ba75e8d7,42,117,false,0
6703af8dd312dda4ba75fe4b,59,6703af6bd312dda4ba75eba1,48,7,true,0
6703af8dd312dda4ba75fe4d,229,6703af6ed312dda4ba75ee3b,53,56,false,0
6703af8dd312dda4ba75fe4f,225,6703af62d312dda4ba75e3a9,86,44,false,0
6703af8dd312dda4ba75fe51,212,6703af62d312dda4ba75e40f,6,56,true,0
6703af8dd312dda4ba75fe53,186,6703af6ad312dda4ba75eb53,30,108,true,0
6703af8dd312dda4ba75fe55,188,6703af6bd312dda4ba75eb95,18,42,true,0
6703af8dd312dda4ba75fe57,180,6703af65d312dda4ba75e6d3,97,28,false,0
6703af8dd312dda4ba75fe59,189,6703af6cd312dda4ba75ed03,89,22,false,0
6703af8dd312dda4ba75fe5b,48,6703af71d312dda4ba75f10b,16,23,true,0
6703af8dd312dda4ba75fe5d,152,6703af5fd312dda4ba75e109,71,71,true,0
6703af8dd312dda4ba75fe5f,226,6703af76d312dda4ba75f55b,36,45,true,0
6703af8dd312dda4ba75fe61,210,6703af71d312dda4ba75f117,47,30,false,0
6703af8dd312dda4ba75fe63,82,6703af6ad312dda4ba75eaf9,59,50,false,0
6703af8ed312dda4ba75fe65,107,6703af5ed312dda4ba75e0c1,60,96,true,0
6703af8ed312dda4ba75fe67,124,6703af65d312dda4ba75e6af,28,54,false,0
6703af8ed312dda4ba75fe69,243,6703af78d312dda4ba75f73b,61,100,false,0
6703af8ed312dda4ba75fe6b,73,6703af71d312dda4ba75f0e1,40,48,true,0
6703af8ed312dda4ba75fe6d,103,6703af6dd312dda4ba75edbd,79,24,true,0
6703af8ed312dda4ba75fe6f,62,6703af6cd312dda4ba75ed15,47,26,true,0
6703af8ed312dda4ba75fe71,205,6703af6ad312dda4ba75eaf9,2,76,true,0
6703af8ed312dda4ba75fe73,187,6703af6cd312dda4ba75ec67,55,51,false,0
6703af8ed312dda4ba75fe75,123,6703af77d312dda4ba75f68d,67,25,true,0
6703af8ed312dda4ba75fe77,237,6703af78d312dda4ba75f729,22,64,false,0
6703af8ed312dda4ba75fe79,162,6703af76d312dda4ba75f57f,81,9,false,0
6703af8ed312dda4ba75fe7b,169,6703af6bd312dda4ba75eb71,91,91,false,0
6703af8ed312dda4ba75fe7d,229,6703af69d312dda4ba75ea7b,1,6,false,0
6703af8ed312dda4ba75fe7f,199,6703af77d312dda4ba75f5cd,63,118,false,0
6703af8ed312dda4ba75fe81,58,6703af71d312dda4ba75f10b,99,47,true,0
6703af8ed312dda4ba75fe83,15,6703af6bd312dda4ba75ec13,5,20,false,0
6703af8ed312dda4ba75fe85,202,6703af70d312dda4ba75f027,8,91,true,0
6703af8ed312dda4ba75fe87,210,6703af60d312dda4ba75e211,8,100,false,0
6703af8ed312dda4ba75fe89,23,6703af6dd312dda4ba75eded,97,117,true,0
6703af8ed312dda4ba75fe8b,76,6703af6cd312dda4ba75eceb,44,103,true,0
6703af8ed312dda4ba75fe8d,114,6703af66d312dda4ba75e7bd,2,59,false,0
6703af8ed312dda4ba75fe8f,47,6703af66d312dda4ba75e6fd,40,1,true,0
6703af8ed312dda4ba75fe91,140,6703af78d312dda4ba75f747,49,4,true,0
6703af8ed312dda4ba75fe93,107,6703af6ed312dda4ba75eea1,41,5,false,0
6703af8ed312dda4ba75fe95,18,6703af75d312dda4ba75f4ad,42,59,true,0
6703af8ed312dda4ba75fe97,35,6703af6cd312dda4ba75ed1b,53,31,false,0
6703af8ed312dda4ba75fe99,77,6703af75d312dda4ba75f43b,10,8,false,0
6703af8ed312dda4ba75fe9b,17,6703af62d312dda4ba75e39d,22,51,true,0
6703af8ed312dda4ba75fe9d,103,6703af70d312dda4ba75f0b1,83,18,true,0
6703af8ed312dda4ba75fe9f,244,6703af75d312dda4ba75f4ef,100,107,false,0
6703af8ed312dda4ba75fea1,244,6703af74d312dda4ba75f35d,45,42,true,0
6703af8ed312dda4ba75fea3,182,6703af71d312dda4ba75f0e1,65,43,false,0
6703af8ed312dda4ba75fea5,47,6703af70d312dda4ba75efd9,3,71,false,0
6703af8ed312dda4ba75fea7,153,6703af5fd312dda4ba75e1ed,34,74,true,0
6703af8ed312dda4ba75fea9,204,6703af69d312dda4ba75ea27,2,25,false,0
6703af8ed312dda4ba75feab,67,6703af73d312dda4ba75f285,11,50,false,0
6703af8ed312dda4ba75fead,66,6703af6fd312dda4ba75ef7f,62,87,false,0
6703af8fd312dda4ba75feaf,168,6703af69d312dda4ba75e9c7,87,116,false,0
6703af8fd312dda4ba75feb1,223,6703af61d312dda4ba75e331,25,107,false,0
6703af8fd312dda4ba75feb3,17,6703af6ed312dda4ba75eea1,39,49,false,0
6703af8fd312dda4ba75feb5,216,6703af69d312dda4ba75e9d3,72,74,false,0
6703af8fd312dda4ba75feb7,248,6703af76d312dda4ba75f5a9,78,68,false,0
6703af8fd312dda4ba75feb9,247,6703af68d312dda4ba75e91f,97,36,true,0
6703af8fd312dda4ba75febb,195,6703af6dd312dda4ba75ede1,94,86,true,0
6703af8fd312dda4ba75febd,159,6703af75d312dda4ba75f4a1,15,3,true,0
6703af8fd312dda4ba75febf,44,6703af64d312dda4ba75e5b9,37,115,true,0
6703af8fd312dda4ba75fec1,222,6703af5ed312dda4ba75e0df,38,14,false,0
6703af8fd312dda4ba75fec3,44,6703af6dd312dda4ba75ed4b,21,80,true,0
6703af8fd312dda4ba75fec5,63,6703af75d312dda4ba75f4a7,52,96,true,0
6703af8fd312dda4ba75fec7,141,6703af6bd312dda4ba75ec3d,24,91,true,0
6703af8fd312dda4ba75fec9,192,6703af65d312dda4ba75e691,43,105,true,0
6703af8fd312dda4ba75fecb,71,6703af75d312dda4ba75f4dd,90,17,false,0
6703af8fd312dda4ba75fecd,62,6703af60d312dda4ba75e2a7,24,101,true,0
6703af8fd312dda4ba75fecf,199,6703af73d312dda4ba75f28b,19,78,true,0
6703af8fd312dda4ba75fed1,15,6703af65d312dda4ba75e6af,10,5,true,0
6703af8fd312dda4ba75fed3,43,6703af64d312dda4ba75e5c5,55,56,false,0
6703af8fd312dda4ba75fed5,61,6703af6bd312dda4ba75ec01,56,96,true,0
6703af8fd312dda4ba75fed7,233,6703af64d312dda4ba75e601,8,84,true,0
6703af8fd312dda4ba75fed9,98,6703af61d312dda4ba75e2fb,66,99,false,0
6703af8fd312dda4ba75fedb,17,6703af6fd312dda4ba75ef73,42,2,false,0
6703af8fd312dda4ba75fedd,246,6703af5ed312dda4ba75e08b,80,30,true,0
6703af8fd312dda4ba75fedf,140,6703af63d312dda4ba75e493,66,6,false,0
6703af8fd312dda4ba75fee1,102,6703af6dd312dda4ba75ed39,87,18,true,0
6703af8fd312dda4ba75fee3,102,6703af67d312dda4ba75e7db,21,57,false,0
6703af8fd312dda4ba75fee5,66,6703af67d312dda4ba75e8a7,4,46,true,0
6703af90d312dda4ba75fee7,96,6703af73d312dda4ba75f26d,24,77,false,0
6703af90d312dda4ba75fee9,203,6703af68d312dda4ba75e8e9,86,93,false,0
6703af90d312dda4ba75feeb,52,6703af78d312dda4ba75f6e7,77,79,true,0
6703af90d312dda4ba75feed,187,6703af6dd312dda4ba75edff,97,20,true,0
6703af90d312dda4ba75feef,134,6703af6bd312dda4ba75ec0d,17,73,true,0
6703af90d312dda4ba75fef1,111,6703af60d312dda4ba75e265,66,80,true,0
6703af90d312dda4ba75fef3,117,6703af69d312dda4ba75e9bb,28,54,true,0
6703af90d312dda4ba75fef5,213,6703af64d312dda4ba75e5f5,90,110,true,0
6703af90d312dda4ba75fef7,64,6703af72d312dda4ba75f1cb,76,25,false,0
6703af90d312dda4ba75fef9,211,6703af73d312dda4ba75f2a9,57,48,false,0
6703af90d312dda4ba75fefb,148,6703af73d312dda4ba75f2cd,61,41,false,0
6703af90d312dda4ba75fefd,189,6703af74d312dda4ba75f351,11,94,true,0
6703af90d312dda4ba75feff,170,6703af72d312dda4ba75f1ef,25,83,true,0
6703af90d312dda4ba75ff01,231,6703af61d312dda4ba75e33d,4,77,false,0
6703af90d312dda4ba75ff03,63,6703af61d312dda4ba75e391,56,74,true,0
6703af90d312dda4ba75ff05,249,6703af6bd312dda4ba75eb77,6,68,false,0
6703af90d312dda4ba75ff07,43,6703af78d312dda4ba75f74d,6,78,false,0
6703af90d312dda4ba75ff09,201,6703af5fd312dda4ba75e1db,40,37,true,0
6703af90d312dda4ba75ff0b,249,6703af6ed312dda4ba75eec5,9,114,true,0
6703af90d312dda4ba75ff0d,174,6703af74d312dda4ba75f351,48,76,false,0
6703af90d312dda4ba75ff0f,125,6703af73d312dda4ba75f2b5,34,117,true,0
6703af90d312dda4ba75ff11,114,6703af6fd312dda4ba75ef79,89,59,false,0
6703af90d312dda4ba75ff13,100,6703af62d312dda4ba75e469,21,30,false,0
6703af90d312dda4ba75ff15,124,6703af76d312dda4ba75f525,45,88,false,0
6703af90d312dda4ba75ff17,24,6703af68d312dda4ba75e97f,55,65,false,0
6703af90d312dda4ba75ff19,199,6703af6fd312dda4ba75ef37,14,104,false,0
6703af90d312dda4ba75ff1b,104,6703af6ed312dda4ba75eea1,77,85,true,0
6703af90d312dda4ba75ff1d,223,6703af68d312dda4ba75e8bf,0,108,false,0
6703af90d312dda4ba75ff1f,169,6703af67d312dda4ba75e883,3,5,true,0
6703af90d312dda4ba75ff21,98,6703af77d312dda4ba75f675,56,82,true,0
6703af90d312dda4ba75ff23,93,6703af6dd312dda4ba75ed4b,40,38,false,0
6703af90d312dda4ba75ff25,155,6703af61d312dda4ba75e38b,94,108,true,0
6703af90d312dda4ba75ff27,59,6703af6ed312dda4ba75ee89,58,92,true,0
6703af91d312dda4ba75ff29,158,6703af61d312dda4ba75e2e9,19,26,true,0
6703af91d312dda4ba75ff2b,88,6703af75d312dda4ba75f4b3,25,60,true,0
6703af91d312dda4ba75ff2d,15,6703af70d312dda4ba75f057,54,65,false,0
6703af91d312dda4ba75ff2f,179,6703af6fd312dda4ba75ef19,56,15,false,0
6703af91d312dda4ba75ff31,215,6703af77d312dda4ba75f699,49,88,true,0
6703af91d312dda4ba75ff33,248,6703af63d312dda4ba75e4f9,40,45,true,0
6703af91d312dda4ba75ff35,93,6703af65d312dda4ba75e691,53,16,true,0
6703af91d312dda4ba75ff37,100,6703af62d312dda4ba75e3b5,36,7,false,0
6703af91d312dda4ba75ff39,239,6703af76d312dda4ba75f543,27,13,false,0
6703af91d312dda4ba75ff3b,140,6703af6dd312dda4ba75ed8d,23,82,false,0
6703af91d312dda4ba75ff3d,121,6703af6ed312dda4ba75eee9,31,2,true,0
6703af91d312dda4ba75ff3f,35,6703af6cd312dda4ba75ecc7,13,67,true,0
6703af91d312dda4ba75ff41,89,6703af66d312dda4ba75e7ab,65,110,true,0
6703af91d312dda4ba75ff43,43,6703af73d312dda4ba75f2e5,2,58,true,0
6703af91d312dda4ba75ff45,129,6703af73d312dda4ba75f2f1,53,12,false,0
6703af91d312dda4ba75ff47,94,6703af6cd312dda4ba75eca9,25,79,true,0
6703af91d312dda4ba75ff49,142,6703af70d312dda4ba75f06f,55,64,false,0
6703af91d312dda4ba75ff4b,109,6703af60d312dda4ba75e205,12,57,false,0
6703af91d312dda4ba75ff4d,241,6703af71d312dda4ba75f129,86,16,true,0
6703af91d312dda4ba75ff4f,30,6703af70d312dda4ba75f009,24,23,false,0
6703af91d312dda4ba75ff51,226,6703af73d312dda4ba75f2f7,41,37,true,0
6703af91d312dda4ba75ff53,117,6703af5fd312dda4ba75e12d,94,91,true,0
6703af91d312dda4ba75ff55,83,6703af72d312dda4ba75f1d1,19,93,true,0
6703af91d312dda4ba75ff57,17,6703af75d312dda4ba75f483,88,95,true,0
6703af91d312dda4ba75ff59,30,6703af65d312dda4ba75e66d,26,114,true,0
6703af91d312dda4ba75ff5b,217,6703af69d312dda4ba75e9e5,2,81,false,0
6703af91d312dda4ba75ff5d,153,6703af63d312dda4ba75e4cf,42,81,true,0
6703af91d312dda4ba75ff5f,96,6703af77d312dda4ba75f603,85,57,false,0
6703af91d312dda4ba75ff61,153,6703af70d312dda4ba75f063,74,99,true,0
6703af91d312dda4ba75ff63,205,6703af68d312dda4ba75e991,67,41,false,0
6703af91d312dda4ba75ff65,181,6703af6bd312dda4ba75ec3d,59,53,true,0
6703af91d312dda4ba75ff67,225,6703af78d312dda4ba75f777,48,120,false,0
6703af91d312dda4ba75ff69,56,6703af5ed312dda4ba75e0a9,62,115,false,0
6703af91d312dda4ba75ff6b,64,6703af78d312dda4ba75f6ff,32,96,false,0
6703af91d312dda4ba75ff6d,170,6703af65d312dda4ba75e649,73,22,false,0
6703af91d312dda4ba75ff6f,133,6703af6dd312dda4ba75ed81,41,85,false,0
6703af91d312dda4ba75ff71,135,6703af73d312dda4ba75f315,13,15,true,0
6703af91d312dda4ba75ff73,232,6703af63d312dda4ba75e493,74,92,false,0
6703af91d312dda4ba75ff75,239,6703af6ad312dda4ba75eb17,14,4,false,0
6703af91d312dda4ba75ff77,16,6703af74d312dda4ba75f399,17,2,true,0
6703af92d312dda4ba75ff79,97,6703af79d312dda4ba75f7cb,6,40,false,0
6703af92d312dda4ba75ff7b,34,6703af69d312dda4ba75e9cd,97,28,false,0
6703af92d312dda4ba75ff7d,30,6703af63d312dda4ba75e511,58,28,true,0
6703af92d312dda4ba75ff7f,79,6703af79d312dda4ba75f7cb,78,95,true,0
6703af92d312dda4ba75ff81,210,6703af5ed312dda4ba75e0cd,93,16,true,0
6703af92d312dda4ba75ff83,243,6703af62d312dda4ba75e40f,68,50,false,0
6703af92d312dda4ba75ff85,49,6703af6fd312dda4ba75ef7f,27,11,true,0
6703af92d312dda4ba75ff87,162,6703af68d312dda4ba75e907,66,86,false,0
6703af92d312dda4ba75ff89,110,6703af60d312dda4ba75e2dd,30,100,false,0
6703af92d312dda4ba75ff8b,163,6703af63d312dda4ba75e4b7,68,39,true,0
6703af92d312dda4ba75ff8d,76,6703af65d312dda4ba75e6d9,17,101,true,0
6703af92d312dda4ba75ff8f,42,6703af74d312dda4ba75f345,69,24,false,0
6703af92d312dda4ba75ff91,150,6703af74d312dda4ba75f3e7,12,92,true,0
6703af92d312dda4ba75ff93,196,6703af69d312dda4ba75e9f7,4,115,false,0
6703af92d312dda4ba75ff95,242,6703af61d312dda4ba75e37f,75,38,false,0
6703af92d312dda4ba75ff97,130,6703af69d312dda4ba75e9eb,98,77,false,0
6703af92d312dda4ba75ff99,149,6703af68d312dda4ba75e997,56,27,false,0
6703af92d312dda4ba75ff9b,164,6703af63d312dda4ba75e4f9,93,29,true,0
6703af92d312dda4ba75ff9d,155,6703af6dd312dda4ba75edc3,14,2,true,0
6703af92d312dda4ba75ff9f,31,6703af6dd312dda4ba75ede1,16,61,false,0
6703af92d312dda4ba75ffa1,184,6703af6ed312dda4ba75ee35,5,61,true,0
6703af92d312dda4ba75ffa3,11,6703af5ed312dda4ba75e091,32,96,true,0
6703af92d312dda4ba75ffa5,246,6703af78d312dda4ba75f6db,42,36,true,0
6703af92d312dda4ba75ffa7,88,6703af72d312dda4ba75f189,64,90,true,0
6703af92d312dda4ba75ffa9,67,6703af63d312dda4ba75e523,27,100,false,0
6703af92d312dda4ba75ffab,60,6703af67d312dda4ba75e8b3,83,66,false,0
6703af92d312dda4ba75ffad,149,6703af62d312dda4ba75e40f,26,76,false,0
6703af92d312dda4ba75ffaf,182,6703af62d312dda4ba75e3bb,47,9,true,0
6703af92d312dda4ba75ffb1,11,6703af65d312dda4ba75e661,8,13,false,0
6703af92d312dda4ba75ffb3,63,6703af6bd312dda4ba75eb8f,10,93,true,0
6703af92d312dda4ba75ffb5,188,6703af74d312dda4ba75f345,42,42,true,0
6703af92d312dda4ba75ffb7,79,6703af6ad312dda4ba75eb05,18,99,false,0
6703af92d312dda4ba75ffb9,43,6703af73d312dda4ba75f2eb,4,46,true,0
6703af92d312dda4ba75ffbb,112,6703af6bd312dda4ba75eb65,24,96,true,0
6703af92d312dda4ba75ffbd,174,6703af6ed312dda4ba75ee2f,29,89,true,0
6703af92d312dda4ba75ffbf,69,6703af60d312dda4ba75e223,94,113,true,0
6703af92d312dda4ba75ffc1,218,6703af77d312dda4ba75f687,83,91,true,0
6703af92d312dda4ba75ffc3,17,6703af79d312dda4ba75f7d7,12,79,false,0
6703af92d312dda4ba75ffc5,67,6703af6ad312dda4ba75eb23,42,68,true,0
6703af92d312dda4ba75ffc7,150,6703af78d312dda4ba75f70b,13,75,true,0
6703af93d312dda4ba75ffc9,156,6703af6dd312dda4ba75edf9,34,49,true,0
